-- phpMyAdmin SQL Dump
-- version 4.7.0
-- https://www.phpmyadmin.net/
--
-- Host: 127.0.0.1
-- Generation Time: Jul 09, 2018 at 01:04 PM
-- Server version: 10.1.25-MariaDB
-- PHP Version: 5.6.31

SET SQL_MODE = "NO_AUTO_VALUE_ON_ZERO";
SET AUTOCOMMIT = 0;
START TRANSACTION;
SET time_zone = "+00:00";


/*!40101 SET @OLD_CHARACTER_SET_CLIENT=@@CHARACTER_SET_CLIENT */;
/*!40101 SET @OLD_CHARACTER_SET_RESULTS=@@CHARACTER_SET_RESULTS */;
/*!40101 SET @OLD_COLLATION_CONNECTION=@@COLLATION_CONNECTION */;
/*!40101 SET NAMES utf8mb4 */;

--
-- Database: `pream`
--

-- --------------------------------------------------------

--
-- Table structure for table `activity`
--

CREATE TABLE `activity` (
  `activity_id` int(11) NOT NULL,
  `creator_id` int(11) DEFAULT NULL,
  `activity_type` int(11) DEFAULT NULL,
  `activity_object` int(11) DEFAULT NULL,
  `created_on` datetime DEFAULT NULL
) ENGINE=InnoDB DEFAULT CHARSET=latin1;

--
-- Dumping data for table `activity`
--

INSERT INTO `activity` (`activity_id`, `creator_id`, `activity_type`, `activity_object`, `created_on`) VALUES
(66, 1, 40, 1119, '2018-06-28 04:01:35'),
(67, 1, 40, 1119, '2018-06-28 04:58:49'),
(68, 1, 13, 25, '2018-06-28 05:04:48'),
(69, 1, 13, 26, '2018-06-29 01:59:48'),
(70, 1, 13, 27, '2018-06-29 02:11:42'),
(71, 6, 23, 26, '2018-06-29 03:07:11'),
(72, 6, 23, 27, '2018-07-04 04:00:07'),
(73, 6, 23, 26, '2018-07-05 11:22:34'),
(74, 1, 1, 29, '2018-07-05 12:45:12'),
(75, 6, 22, 26, '2018-07-05 01:09:26'),
(76, 6, 22, 26, '2018-07-05 01:11:04'),
(77, 1, 25, 26, '2018-07-05 01:11:42'),
(78, 1, 16, 1, '2018-07-05 01:13:50'),
(79, 1, 17, 28, '2018-07-05 01:20:34'),
(80, 1, 32, 16, '2018-07-05 01:22:57'),
(81, 1, 17, 29, '2018-07-05 03:50:47'),
(82, 1, 17, 30, '2018-07-05 03:57:41'),
(83, 1, 17, 31, '2018-07-05 04:05:16'),
(84, 1, 36, 1, '2018-07-05 04:28:10'),
(85, 72, 17, 32, '2018-07-05 04:30:33'),
(86, 4, 13, 33, '2018-07-06 10:02:11'),
(87, 4, 25, 27, '2018-07-06 10:03:21'),
(88, 4, 25, 33, '2018-07-06 10:03:21'),
(89, 1, 13, 34, '2018-07-06 03:32:44'),
(90, 1, 13, 35, '2018-07-06 03:32:46'),
(91, 1, 13, 36, '2018-07-06 05:23:19'),
(92, 1, 17, 37, '2018-07-09 12:36:50'),
(93, 1, 17, 38, '2018-07-09 12:41:15'),
(94, 1, 17, 39, '2018-07-09 12:44:27'),
(95, 1, 17, 40, '2018-07-09 12:45:04'),
(96, 1, 17, 41, '2018-07-09 12:45:46'),
(97, 1, 17, 42, '2018-07-09 12:46:36'),
(98, 1, 17, 43, '2018-07-09 12:47:21'),
(99, 1, 17, 44, '2018-07-09 12:47:36'),
(100, 1, 17, 45, '2018-07-09 12:48:20'),
(101, 1, 17, 46, '2018-07-09 12:49:28'),
(102, 1, 17, 47, '2018-07-09 12:50:01'),
(103, 1, 17, 48, '2018-07-09 12:51:09'),
(104, 1, 17, 49, '2018-07-09 12:52:38'),
(105, 1, 17, 50, '2018-07-09 12:53:18'),
(106, 1, 17, 52, '2018-07-09 12:54:19'),
(107, 1, 17, 54, '2018-07-09 12:54:36'),
(108, 1, 17, 56, '2018-07-09 12:56:08'),
(109, 1, 17, 58, '2018-07-09 01:00:52'),
(110, 1, 17, 60, '2018-07-09 03:17:37');

-- --------------------------------------------------------

--
-- Table structure for table `activity_type`
--

CREATE TABLE `activity_type` (
  `activity_type_id` int(11) NOT NULL,
  `title` varchar(64) DEFAULT NULL,
  `prefix` varchar(64) DEFAULT NULL,
  `notify_to` text
) ENGINE=InnoDB DEFAULT CHARSET=latin1;

--
-- Dumping data for table `activity_type`
--

INSERT INTO `activity_type` (`activity_type_id`, `title`, `prefix`, `notify_to`) VALUES
(1, 'vendor_added', 'vendor', '[1]'),
(2, 'new_vedor_approved', 'vendor', '[1,3]'),
(3, 'new_vendor_disapproved', 'vendor', '[1,3]'),
(4, 'new_item_added', 'item', '[1,4,5,6,7]'),
(5, 'new_return_request', 'order', '[1,3]'),
(6, 'return_order_approved', 'order', '[1,6,7]'),
(7, 'return_order_disapproved', 'order', '[1,6,7]'),
(8, 'minimum_stock_alert', 'item', '[1,3,6,7]'),
(9, 'residue_stock_alert', 'item', '[1,3,6,7]'),
(10, 'po_receipt_alert', 'order', '[1,3]'),
(11, 'audit_alert_purchaser', 'audit', '[3]'),
(12, 'return_cancelled', 'order', '[1,3]'),
(13, 'new_purchase_order', 'order', '[1]'),
(14, 'new_return_order', 'order', '[1,3]'),
(15, 'new_sales_agent', 'agent', '[1,4,5]'),
(16, 'new_client_added', 'client', '[1,4]'),
(17, 'new_sales_order', 'order', '[1,5]'),
(18, 'new_return_sales_order', 'order', '[1,5]'),
(19, 'new_storekeeper_added', 'store', '[1,7,8]'),
(20, 'new_user_added', 'user', '[1]'),
(21, 'new_audit', 'audit', '[1]'),
(22, 'purchase_order_delivered', 'order', '[1,3]'),
(23, 'bol_added', 'order', '[1,3]'),
(24, 'vendor_details_edited', 'vendor', '[1]'),
(25, 'purchase_order_cancelled', 'order', '[1]'),
(26, 'payment_reminder_sent', 'client', '[1]'),
(27, 'vendor_payment_made', 'vendor', '[1]'),
(28, 'agent_invoice_paid', 'agent', '[1]'),
(29, 'office_expense_added', 'accounts', '[1]'),
(30, 'audit_date_changed', 'audit', '[1,2,3,4,5,6,7]'),
(31, 'storekeeper_edited', 'store', '[1]'),
(32, 'sales_order_dispatched', 'order', '[1,4,5]'),
(33, 'commission_rate_set', 'agent', '[1]'),
(34, 'sales_agent_deactivated', 'agent', '[1]'),
(35, 'client_edited', 'client', '[1]'),
(36, 'client_assigned', 'client', '[1]'),
(37, 'sales_order_cancelled', 'order', '[1]'),
(38, 'quotation_requested', 'order', '[1,3,4]'),
(39, 'commission_invoice_generated', 'agent', '[1,2,4]'),
(40, 'item_edited', 'purchaser', '[1]'),
(41, 'order_item_changed', 'order', '[1,4,6]');

-- --------------------------------------------------------

--
-- Table structure for table `agent`
--

CREATE TABLE `agent` (
  `employee_id` int(11) NOT NULL,
  `commission_rate` int(11) DEFAULT NULL,
  `last_invoice` datetime DEFAULT NULL,
  `user_id` int(11) NOT NULL,
  `status` int(1) NOT NULL DEFAULT '1'
) ENGINE=InnoDB DEFAULT CHARSET=latin1;

--
-- Dumping data for table `agent`
--

INSERT INTO `agent` (`employee_id`, `commission_rate`, `last_invoice`, `user_id`, `status`) VALUES
(10, 5, '0000-00-00 00:00:00', 72, 1);

-- --------------------------------------------------------

--
-- Table structure for table `approval_status`
--

CREATE TABLE `approval_status` (
  `approval_status_id` int(11) NOT NULL,
  `title` varchar(64) DEFAULT NULL
) ENGINE=InnoDB DEFAULT CHARSET=latin1;

--
-- Dumping data for table `approval_status`
--

INSERT INTO `approval_status` (`approval_status_id`, `title`) VALUES
(1, 'approved'),
(2, 'purchaser_pending'),
(3, 'accountant_pending'),
(4, 'super_admin_pending'),
(5, 'store_admin_pending'),
(6, 'sales_admin_pending'),
(7, 'client_pending'),
(8, 'vendor_pending');

-- --------------------------------------------------------

--
-- Table structure for table `audit`
--

CREATE TABLE `audit` (
  `audit_id` int(11) NOT NULL,
  `audit_date` datetime NOT NULL,
  `department` int(11) NOT NULL,
  `appoint_person` varchar(60) NOT NULL
) ENGINE=InnoDB DEFAULT CHARSET=latin1;

-- --------------------------------------------------------

--
-- Table structure for table `change_request`
--

CREATE TABLE `change_request` (
  `change_request_id` int(11) NOT NULL,
  `change_type` int(11) DEFAULT NULL,
  `requested_by` int(11) DEFAULT NULL,
  `requested_on` int(11) DEFAULT NULL,
  `requested_field` varchar(64) DEFAULT NULL,
  `change_from` varchar(64) DEFAULT NULL,
  `change_to` varchar(64) DEFAULT NULL,
  `approval_status` int(11) DEFAULT NULL,
  `request_date` datetime DEFAULT NULL,
  `approval_date` datetime DEFAULT NULL
) ENGINE=InnoDB DEFAULT CHARSET=latin1;

-- --------------------------------------------------------

--
-- Table structure for table `client`
--

CREATE TABLE `client` (
  `client_id` int(11) NOT NULL,
  `user_id` int(11) DEFAULT NULL,
  `client_type` int(11) DEFAULT '1',
  `credit_limit` int(11) DEFAULT NULL,
  `credit_limit_used` int(11) DEFAULT NULL,
  `balance` int(11) DEFAULT NULL,
  `assigned_agent` int(11) DEFAULT NULL,
  `intercommunataire_number` int(11) DEFAULT NULL,
  `bfa_document` text,
  `company_name` varchar(255) DEFAULT NULL,
  `authorized_name` varchar(55) NOT NULL
) ENGINE=InnoDB DEFAULT CHARSET=latin1;

--
-- Dumping data for table `client`
--

INSERT INTO `client` (`client_id`, `user_id`, `client_type`, `credit_limit`, `credit_limit_used`, `balance`, `assigned_agent`, `intercommunataire_number`, `bfa_document`, `company_name`, `authorized_name`) VALUES
(1, 81, 1, 50000, 0, 0, 10, 0, '', 'GetMax Logistics', 'Me');

-- --------------------------------------------------------

--
-- Table structure for table `client_type`
--

CREATE TABLE `client_type` (
  `client_type_id` int(11) NOT NULL,
  `title` varchar(64) DEFAULT NULL
) ENGINE=InnoDB DEFAULT CHARSET=latin1;

--
-- Dumping data for table `client_type`
--

INSERT INTO `client_type` (`client_type_id`, `title`) VALUES
(1, 'wholeseller'),
(2, 'contractor'),
(3, 'retailer');

-- --------------------------------------------------------

--
-- Table structure for table `commission_rate`
--

CREATE TABLE `commission_rate` (
  `commission_id` int(11) NOT NULL,
  `agent_id` int(11) NOT NULL,
  `slab_in` int(11) NOT NULL,
  `slab_out` int(11) NOT NULL,
  `commission_rate` int(3) NOT NULL
) ENGINE=InnoDB DEFAULT CHARSET=latin1;

--
-- Dumping data for table `commission_rate`
--

INSERT INTO `commission_rate` (`commission_id`, `agent_id`, `slab_in`, `slab_out`, `commission_rate`) VALUES
(5, 10, 0, 10628, 7),
(6, 10, 10704, 40000, 10),
(8, 10, 40419, 50000, 2);

-- --------------------------------------------------------

--
-- Table structure for table `employee`
--

CREATE TABLE `employee` (
  `employee_id` int(11) NOT NULL,
  `user_id` int(11) DEFAULT NULL,
  `approval_status` int(11) DEFAULT NULL,
  `execution_date` datetime DEFAULT NULL,
  `expiry_date` datetime DEFAULT NULL,
  `attachment` varchar(64) DEFAULT NULL,
  `contract_type` int(11) DEFAULT NULL
) ENGINE=InnoDB DEFAULT CHARSET=latin1;

--
-- Dumping data for table `employee`
--

INSERT INTO `employee` (`employee_id`, `user_id`, `approval_status`, `execution_date`, `expiry_date`, `attachment`, `contract_type`) VALUES
(10, 72, 4, '0000-00-00 00:00:00', '0000-00-00 00:00:00', NULL, 0);

-- --------------------------------------------------------

--
-- Table structure for table `expense`
--

CREATE TABLE `expense` (
  `expense_id` int(11) NOT NULL,
  `expense_title` varchar(100) NOT NULL
) ENGINE=InnoDB DEFAULT CHARSET=latin1;

--
-- Dumping data for table `expense`
--

INSERT INTO `expense` (`expense_id`, `expense_title`) VALUES
(1, 'Expense 1'),
(2, 'Expense 2');

-- --------------------------------------------------------

--
-- Table structure for table `invoice`
--

CREATE TABLE `invoice` (
  `invoice_id` int(11) NOT NULL,
  `agent_id` int(11) NOT NULL,
  `invoice_sales_amount` double NOT NULL,
  `invoice_date` date NOT NULL,
  `commission_rate` float NOT NULL,
  `orders` text NOT NULL,
  `total_sales_amount` double NOT NULL
) ENGINE=InnoDB DEFAULT CHARSET=latin1;

--
-- Dumping data for table `invoice`
--

INSERT INTO `invoice` (`invoice_id`, `agent_id`, `invoice_sales_amount`, `invoice_date`, `commission_rate`, `orders`, `total_sales_amount`) VALUES
(3, 72, 601.23, '2018-06-22', 7, '[\"12\",\"13\"]', 8589);

-- --------------------------------------------------------

--
-- Table structure for table `item`
--

CREATE TABLE `item` (
  `item_id` int(11) NOT NULL,
  `item_category` int(11) DEFAULT NULL,
  `item_name` varchar(64) DEFAULT NULL,
  `brand_name` varchar(64) DEFAULT NULL,
  `vendor` int(11) DEFAULT NULL,
  `image` text,
  `item_pdf` text,
  `packing` int(11) DEFAULT NULL,
  `mrp` int(11) DEFAULT NULL,
  `discount_retailer` float DEFAULT NULL,
  `discount_wholesaler` float DEFAULT NULL,
  `discount_special_client` float DEFAULT NULL,
  `vendor_discount` float DEFAULT NULL,
  `item_description` text,
  `vendor_special_discount_on` int(11) DEFAULT NULL,
  `discount_contractor` float DEFAULT NULL,
  `min_stock` int(11) DEFAULT NULL,
  `max_stock` int(11) DEFAULT NULL,
  `current_stock` int(11) DEFAULT '0',
  `expired_stock` int(11) DEFAULT NULL,
  `damaged_stock` int(11) DEFAULT NULL,
  `reference` varchar(64) DEFAULT NULL,
  `purchase_rate` float DEFAULT NULL,
  `area` varchar(64) DEFAULT NULL,
  `item_status` int(11) DEFAULT NULL,
  `vendor_special_discount` float DEFAULT NULL,
  `minimum_sell_rate` float DEFAULT NULL
) ENGINE=InnoDB DEFAULT CHARSET=latin1;

--
-- Dumping data for table `item`
--

INSERT INTO `item` (`item_id`, `item_category`, `item_name`, `brand_name`, `vendor`, `image`, `item_pdf`, `packing`, `mrp`, `discount_retailer`, `discount_wholesaler`, `discount_special_client`, `vendor_discount`, `item_description`, `vendor_special_discount_on`, `discount_contractor`, `min_stock`, `max_stock`, `current_stock`, `expired_stock`, `damaged_stock`, `reference`, `purchase_rate`, `area`, `item_status`, `vendor_special_discount`, `minimum_sell_rate`) VALUES
(1169, 56, 'DOUBLE VA ET VIENT', 'LEGRAND', 27, NULL, NULL, 10, NULL, NULL, NULL, NULL, NULL, NULL, NULL, NULL, NULL, NULL, 1, NULL, NULL, 'LEG80602', 5.616, '29', NULL, NULL, 6.212),
(1170, 56, 'CADRE 2 POSTES COMP. SAILLIE', 'LEGRAND', 27, NULL, NULL, 1, NULL, NULL, NULL, NULL, NULL, NULL, NULL, NULL, NULL, NULL, 0, NULL, NULL, 'LEG086092', 1.52, '20', NULL, NULL, NULL),
(1171, 56, 'CONJONCTEUR T SAILLIE', 'LEGRAND', 27, NULL, NULL, 1, NULL, NULL, NULL, NULL, NULL, NULL, NULL, NULL, NULL, NULL, 0, NULL, NULL, 'LEG86138', 4.9867, '52', NULL, NULL, NULL),
(1172, 56, 'VA ET VIENT 10A COMPOSABL.SAIL', 'LEGRAND', 27, NULL, NULL, 1, NULL, NULL, NULL, NULL, NULL, NULL, NULL, NULL, NULL, NULL, 0, NULL, NULL, 'LEG86101', 1.73, '20', NULL, NULL, NULL),
(1173, 56, 'POUSS.PORTE ETIQ.COMPOS.SAILLI', 'LEGRAND', 27, NULL, NULL, 1, NULL, NULL, NULL, NULL, NULL, NULL, NULL, NULL, NULL, NULL, 0, NULL, NULL, 'LEG86109', 6.7066, '20', NULL, NULL, NULL),
(1174, 56, 'PRISE 2P+T COMPOSABLE SAILLIE', 'LEGRAND', 27, NULL, NULL, 1, NULL, NULL, NULL, NULL, NULL, NULL, NULL, NULL, NULL, NULL, 0, NULL, NULL, 'LEG086127', 2, '20', NULL, NULL, NULL),
(1175, 56, 'DOUBLE VA/VIENT COMPOS.SAILLIE', 'LEGRAND', 27, NULL, NULL, 1, NULL, NULL, NULL, NULL, NULL, NULL, NULL, NULL, NULL, NULL, 0, NULL, NULL, 'LEG86120', 4.86, '20', NULL, NULL, NULL),
(1176, 56, 'POUSSOIR 10A COMPOSABLE SAILLI', 'LEGRAND', 27, NULL, NULL, 1, NULL, NULL, NULL, NULL, NULL, NULL, NULL, NULL, NULL, NULL, 0, NULL, NULL, 'LEG86106', 3.3235, '20', NULL, NULL, NULL),
(1177, 56, 'POUSSOIR PORTE Ã‰TIQUETTE LUMINEUX', 'LEGRAND', 27, NULL, NULL, 10, NULL, NULL, NULL, NULL, NULL, NULL, NULL, NULL, NULL, NULL, 0, NULL, NULL, 'LEG80611', 6.8, '29', NULL, NULL, NULL),
(1178, 56, 'POUSSOIR', 'LEGRAND', 27, NULL, NULL, 1, NULL, NULL, NULL, NULL, NULL, NULL, NULL, NULL, NULL, NULL, 0, NULL, NULL, 'LEG80605', 2.96, '20', NULL, NULL, NULL),
(1179, 56, 'REGLETTE APPARTEMENT SAILLIE', 'LEGRAND', 27, NULL, NULL, 1, NULL, NULL, NULL, NULL, NULL, NULL, NULL, NULL, NULL, NULL, 0, NULL, NULL, 'LEG34200', 9.8, '18', NULL, NULL, NULL),
(1180, 56, 'MINUTERIE 16 A', 'LEGRAND', 27, NULL, NULL, 1, NULL, NULL, NULL, NULL, NULL, NULL, NULL, NULL, NULL, NULL, 0, NULL, NULL, 'LEG04702', 25.5, '2', NULL, NULL, NULL),
(1181, 56, 'COMPTEUR ENERG.MONO DIRECT 32A', 'LEGRAND', 27, NULL, NULL, 0, NULL, NULL, NULL, NULL, NULL, NULL, NULL, NULL, NULL, NULL, 0, NULL, NULL, 'LEG04681', 187.92, 'NoArea', NULL, NULL, NULL),
(1182, 56, 'INT.DIF.', 'LEGRAND', 27, NULL, NULL, 0, NULL, NULL, NULL, NULL, NULL, NULL, NULL, NULL, NULL, NULL, 0, NULL, NULL, 'LEG08693', 78.4, '0', NULL, NULL, NULL),
(1183, 56, 'SORTIE DE CABLE', 'LEGRAND', 27, NULL, NULL, 1, NULL, NULL, NULL, NULL, NULL, NULL, NULL, NULL, NULL, NULL, 0, NULL, NULL, 'LEG86148', 3.07, '20', NULL, NULL, NULL),
(1184, 56, 'VV LUMIN. GRIS COMPO.', 'LEGRAND', 27, NULL, NULL, 1, NULL, NULL, NULL, NULL, NULL, NULL, NULL, NULL, NULL, NULL, 0, NULL, NULL, 'LEG69513', 10.47, '17', NULL, NULL, NULL),
(1185, 56, 'PEIGNE POUR 13 APPAREILS 1P+N', 'LEGRAND', 27, NULL, NULL, 1, NULL, NULL, NULL, NULL, NULL, NULL, NULL, NULL, NULL, NULL, 0, NULL, NULL, 'LEG404926', 1.9, '15', NULL, NULL, NULL),
(1186, 56, 'DISJONCTEUR 20 A', 'LEGRAND', 27, NULL, NULL, 0, NULL, NULL, NULL, NULL, NULL, NULL, NULL, NULL, NULL, NULL, 0, NULL, NULL, 'LEG06775', 7.6, '15', NULL, NULL, NULL),
(1187, 56, 'PRMOSAIC INTER CLE 2 POS 602', 'LEGRAND', 27, NULL, NULL, 1, NULL, NULL, NULL, NULL, NULL, NULL, NULL, NULL, NULL, NULL, 0, NULL, NULL, 'LEG77072', 79.07, '17', NULL, NULL, NULL),
(1188, 56, 'PRMOSAIC 2P+T F/B', 'LEGRAND', 27, NULL, NULL, 10, NULL, NULL, NULL, NULL, NULL, NULL, NULL, NULL, NULL, NULL, 0, NULL, NULL, 'LEG77111', 2.4516, '18', NULL, NULL, NULL),
(1189, 56, 'DISJ.DIF C16', 'LEGRAND', 27, NULL, NULL, 0, NULL, NULL, NULL, NULL, NULL, NULL, NULL, NULL, NULL, NULL, 0, NULL, NULL, 'LEG07863', 106.92, '15', NULL, NULL, NULL),
(1190, 56, 'DISJ.BIP.D16 COUBE D', 'LEGRAND', 27, NULL, NULL, 0, NULL, NULL, NULL, NULL, NULL, NULL, NULL, NULL, NULL, NULL, 0, NULL, NULL, 'LEG06633', 43.96, 'NoArea', NULL, NULL, NULL),
(1191, 56, 'BLOC.DIF.BIP.32A', 'LEGRAND', 27, NULL, NULL, 0, NULL, NULL, NULL, NULL, NULL, NULL, NULL, NULL, NULL, NULL, 0, NULL, NULL, 'LEG07401', 94.5, '0', NULL, NULL, NULL),
(1192, 56, 'BOITIER CLE 2P STABLES 1NF', 'LEGRAND', 27, NULL, NULL, 1, NULL, NULL, NULL, NULL, NULL, NULL, NULL, NULL, NULL, NULL, 0, NULL, NULL, 'LEG24217', 30.03, '17', NULL, NULL, NULL),
(1193, 56, 'BOITE DERIVATION COMPOS.SAILLI', 'LEGRAND', 27, NULL, NULL, 1, NULL, NULL, NULL, NULL, NULL, NULL, NULL, NULL, NULL, NULL, 0, NULL, NULL, 'LEG86157', 2.3003, '20', NULL, NULL, NULL),
(1194, 56, 'SUPPORT BATIBOX 3 POSTES/6-8M', 'LEGRAND', 27, NULL, NULL, 5, NULL, NULL, NULL, NULL, NULL, NULL, NULL, NULL, NULL, NULL, 0, NULL, NULL, 'LEG80253', 4.18, '18', NULL, NULL, NULL),
(1195, 56, 'SUPPORT BATIBOX 2 POSTES/4-5M', 'LEGRAND', 27, NULL, NULL, 10, NULL, NULL, NULL, NULL, NULL, NULL, NULL, NULL, NULL, NULL, 0, NULL, NULL, 'LEG80252', 2.0291, '18', NULL, NULL, NULL),
(1196, 56, 'PRMOSAIC PLAQUE 4M HOR', 'LEGRAND', 27, NULL, NULL, 10, NULL, NULL, NULL, NULL, NULL, NULL, NULL, NULL, NULL, NULL, 0, NULL, NULL, 'LEG78814', 2.3315, '18', NULL, NULL, NULL),
(1197, 56, 'PRMOSAIC PLAQUE 6M', 'LEGRAND', 27, NULL, NULL, 10, NULL, NULL, NULL, NULL, NULL, NULL, NULL, NULL, NULL, NULL, 0, NULL, NULL, 'LEG78816', 3.31, '18', NULL, NULL, NULL),
(1198, 56, 'PRMOSAIC TEL EN TE FRANCE', 'LEGRAND', 27, NULL, NULL, 1, NULL, NULL, NULL, NULL, NULL, NULL, NULL, NULL, NULL, NULL, 0, NULL, NULL, 'LEG78738', 7.8, '18', NULL, NULL, NULL),
(1199, 56, 'PRMOSAIC INTER VOLETS ROUL', 'LEGRAND', 27, NULL, NULL, 10, NULL, NULL, NULL, NULL, NULL, NULL, NULL, NULL, NULL, NULL, 0, NULL, NULL, 'LEG77026', 22.125, '17', NULL, NULL, NULL),
(1200, 56, '2P+T F/B BLANC COMPO', 'LEGRAND', 27, NULL, NULL, 1, NULL, NULL, NULL, NULL, NULL, NULL, NULL, NULL, NULL, NULL, 0, NULL, NULL, 'LEG69621', 3.753, '17', NULL, NULL, NULL),
(1201, 56, 'CADRE 1 POSTE COMP. SAILLIE', 'LEGRAND', 27, NULL, NULL, 1, NULL, NULL, NULL, NULL, NULL, NULL, NULL, NULL, NULL, NULL, 0, NULL, NULL, 'LEG086091', 0.7047, '20', NULL, NULL, NULL),
(1202, 56, 'PRISE RJ45 ISDN COMP. SAILLIE', 'LEGRAND', 27, NULL, NULL, 0, NULL, NULL, NULL, NULL, NULL, NULL, NULL, NULL, NULL, NULL, 0, NULL, NULL, 'LEG86133', 14, '0', NULL, NULL, NULL),
(1203, 56, 'PLEXO POUSSOIR COMPO NO LUM GRIS', 'LEGRAND', 27, NULL, NULL, 1, NULL, NULL, NULL, NULL, NULL, NULL, NULL, NULL, NULL, NULL, 0, NULL, NULL, 'LEG69542', 7.65, '17', NULL, NULL, NULL),
(1204, 56, 'PRMOSAIC PLAQUE 2X2M H ENTR 57', 'LEGRAND', 27, NULL, NULL, 1, NULL, NULL, NULL, NULL, NULL, NULL, NULL, NULL, NULL, NULL, 0, NULL, NULL, 'LEG78864', 5.12, '18', NULL, NULL, NULL),
(1205, 56, 'PRMOSAIC PLAQUE 2X2M V ENTR 57', 'LEGRAND', 27, NULL, NULL, 1, NULL, NULL, NULL, NULL, NULL, NULL, NULL, NULL, NULL, NULL, 0, NULL, NULL, 'LEG78854', 4.9687, '18', NULL, NULL, NULL),
(1206, 56, 'PRMOSAIC PLAQUE 3X2M H ENTR 57', 'LEGRAND', 27, NULL, NULL, 1, NULL, NULL, NULL, NULL, NULL, NULL, NULL, NULL, NULL, NULL, 0, NULL, NULL, 'LEG78866', 7.999, '18', NULL, NULL, NULL),
(1207, 56, 'PRMOSAIC PLAQUE 3X2M V ENTR 57', 'LEGRAND', 27, NULL, NULL, 1, NULL, NULL, NULL, NULL, NULL, NULL, NULL, NULL, NULL, NULL, 0, NULL, NULL, 'LEG78856', 7.999, '18', NULL, NULL, NULL),
(1208, 56, 'CELLULE PHOTOELECT.GRIS COMP.', 'LEGRAND', 27, NULL, NULL, 1, NULL, NULL, NULL, NULL, NULL, NULL, NULL, NULL, NULL, NULL, 0, NULL, NULL, 'LEG69518', 35, '17', NULL, NULL, NULL),
(1209, 56, 'COFFRET DE COMMUNICATION', 'LEGRAND', 27, NULL, NULL, 1, NULL, NULL, NULL, NULL, NULL, NULL, NULL, NULL, NULL, NULL, 0, NULL, NULL, 'LEG01195', 30.1, '46', NULL, NULL, NULL),
(1210, 56, 'PRISE RJ45 CAT5 FTP SAILLIE', 'LEGRAND', 27, NULL, NULL, 0, NULL, NULL, NULL, NULL, NULL, NULL, NULL, NULL, NULL, NULL, 0, NULL, NULL, 'LEG86061', 9.59, '0', NULL, NULL, NULL),
(1211, 56, 'BORNE AVEC PATTES 2X30', 'LEGRAND', 27, NULL, NULL, 100, NULL, NULL, NULL, NULL, NULL, NULL, NULL, NULL, NULL, NULL, 0, NULL, NULL, 'LEG34043', 8.1, '12', NULL, NULL, NULL),
(1212, 56, 'PRISE TV', 'LEGRAND', 27, NULL, NULL, 1, NULL, NULL, NULL, NULL, NULL, NULL, NULL, NULL, NULL, NULL, 0, NULL, NULL, 'LEG80643', 4.941, '29', NULL, NULL, NULL),
(1213, 56, 'PRISE RJ45 CAT5 FTP COMP.SAILL', 'LEGRAND', 27, NULL, NULL, 1, NULL, NULL, NULL, NULL, NULL, NULL, NULL, NULL, NULL, NULL, 0, NULL, NULL, 'LEG86161', 4.75, '20', NULL, NULL, NULL),
(1214, 56, 'BLOC COLONNE VIDE', 'LEGRAND', 27, NULL, NULL, 0, NULL, NULL, NULL, NULL, NULL, NULL, NULL, NULL, NULL, NULL, 0, NULL, NULL, 'LEG30724', 17.98, '0', NULL, NULL, NULL),
(1215, 56, 'PRMOSAIC PLAQUE 2M ALU', 'LEGRAND', 27, NULL, NULL, 0, NULL, NULL, NULL, NULL, NULL, NULL, NULL, NULL, NULL, NULL, 0, NULL, NULL, 'LEG79002', 5.157, '0', NULL, NULL, NULL),
(1216, 56, 'PRMOSAIC 2P+T F/B ALU', 'LEGRAND', 27, NULL, NULL, 0, NULL, NULL, NULL, NULL, NULL, NULL, NULL, NULL, NULL, NULL, 0, NULL, NULL, 'LEG79271', 2.9275, '0', NULL, NULL, NULL),
(1217, 56, 'PRMOSAIC 2X2P+T F/B 45 ALU', 'LEGRAND', 27, NULL, NULL, 0, NULL, NULL, NULL, NULL, NULL, NULL, NULL, NULL, NULL, NULL, 0, NULL, NULL, 'LEG79272', 7.88, '0', NULL, NULL, NULL),
(1218, 56, 'SORT.DE CABLES 20/32A 95X95MM', 'LEGRAND', 27, NULL, NULL, 0, NULL, NULL, NULL, NULL, NULL, NULL, NULL, NULL, NULL, NULL, 0, NULL, NULL, 'LEG31490', 2.54, '0', NULL, NULL, NULL),
(1219, 57, 'BATTERIE PLOMB 7AH 12V', 'LEGRAND', 27, NULL, NULL, 0, NULL, NULL, NULL, NULL, NULL, NULL, NULL, NULL, NULL, NULL, 0, NULL, NULL, 'LEG040749', 0, '0', NULL, NULL, NULL),
(1220, 57, 'DL MOSAIC 2 CD FLASH ROUGE', 'LEGRAND', 27, NULL, NULL, 1, NULL, NULL, NULL, NULL, NULL, NULL, NULL, NULL, NULL, NULL, 0, NULL, NULL, 'LEG040596', 0, '17', NULL, NULL, NULL),
(1221, 57, 'TABLEAU 8 BOUCLES', 'LEGRAND', 27, NULL, NULL, 1, NULL, NULL, NULL, NULL, NULL, NULL, NULL, NULL, NULL, NULL, 0, NULL, NULL, 'LEG040646', 0, '0', NULL, NULL, NULL),
(1222, 57, 'DS 90 DB FIXATION SAILLIE', 'LEGRAND', 27, NULL, NULL, 1, NULL, NULL, NULL, NULL, NULL, NULL, NULL, NULL, NULL, NULL, 0, NULL, NULL, 'LEG040580', 0, '6', NULL, NULL, NULL),
(1223, 57, 'AES 24V 3A EN 54-4/EN 12101-10', 'LEGRAND', 27, NULL, NULL, 1, NULL, NULL, NULL, NULL, NULL, NULL, NULL, NULL, NULL, NULL, 0, NULL, NULL, 'LEG040509', 0, '0', NULL, NULL, NULL),
(1224, 57, 'VOLET PROTECTION TRANSPARENT', 'LEGRAND', 27, NULL, NULL, 0, NULL, NULL, NULL, NULL, NULL, NULL, NULL, NULL, NULL, NULL, 0, NULL, NULL, 'LEG038097', 0, '0', NULL, NULL, NULL),
(1225, 57, 'BAAS SATELLITE A MESSAGE+FLASH', 'LEGRAND', 27, NULL, NULL, 0, NULL, NULL, NULL, NULL, NULL, NULL, NULL, NULL, NULL, NULL, 0, NULL, NULL, 'LEG040533', 0, '0', NULL, NULL, NULL),
(1226, 57, 'COFFRET FOUGE CDP A CLE SAILLI', 'LEGRAND', 27, NULL, NULL, 1, NULL, NULL, NULL, NULL, NULL, NULL, NULL, NULL, NULL, NULL, 0, NULL, NULL, 'LEG038003', 0, '16', NULL, NULL, NULL),
(1227, 57, 'DECLENCHEUR 125X125 ROUGE', 'LEGRAND', 27, NULL, NULL, 1, NULL, NULL, NULL, NULL, NULL, NULL, NULL, NULL, NULL, NULL, 0, NULL, NULL, 'LEG038011', 0, '17', NULL, NULL, NULL),
(1228, 57, 'DAAF LONG LIFE STAND ALONE', 'LEGRAND', 27, NULL, NULL, 0, NULL, NULL, NULL, NULL, NULL, NULL, NULL, NULL, NULL, NULL, 0, NULL, NULL, 'LEG040517', 0, '--', NULL, NULL, NULL),
(1229, 57, 'MODULE DEPORTE ADRESSABLE 2 LIGNES EN BOITIER FAUX', 'AVISS', 27, NULL, NULL, 1, NULL, NULL, NULL, NULL, NULL, NULL, NULL, NULL, NULL, NULL, 0, NULL, NULL, 'MDA-2L-B1', 0, 'NoArea', NULL, NULL, NULL),
(1230, 57, 'SOCLE POUR DECTETEUR GAMME CT ET PL', 'AVISS', 27, NULL, NULL, 1, NULL, NULL, NULL, NULL, NULL, NULL, NULL, NULL, NULL, NULL, 0, NULL, NULL, 'SDB3000', 0, '19', NULL, NULL, NULL),
(1231, 57, 'INDICATEUR D ACTION FIXE OU CLIGNOTANT', 'AVISS', 27, NULL, NULL, 1, NULL, NULL, NULL, NULL, NULL, NULL, NULL, NULL, NULL, NULL, 0, NULL, NULL, 'IAZ', 0, 'NoArea', NULL, NULL, NULL),
(1232, 57, 'DSAF + DVAF ROLP MURAL FLASH ROUGE BOITIER BLANC', 'AVISS', 27, NULL, NULL, 1, NULL, NULL, NULL, NULL, NULL, NULL, NULL, NULL, NULL, NULL, 0, NULL, NULL, 'ROLP-CLS', 0, 'NoArea', NULL, NULL, NULL),
(1233, 57, 'PANNEAUX LUMINEUX ENTREE INTERDITE 24V ETANCHE', 'AVISS', 27, NULL, NULL, 1, NULL, NULL, NULL, NULL, NULL, NULL, NULL, NULL, NULL, NULL, 0, NULL, NULL, 'PL24/EI-ETANCHE', 0, 'NoArea', NULL, NULL, NULL),
(1234, 57, 'PACK PROMO TYXAL+ VIDEO', 'DELTA DORE', 27, NULL, NULL, 1, NULL, NULL, NULL, NULL, NULL, NULL, NULL, NULL, NULL, NULL, 0, NULL, NULL, 'DEL6410178', 0, 'NoArea', NULL, NULL, NULL),
(1235, 57, 'TRANSMETTEUR GSM', 'DELTA DORE', 27, NULL, NULL, 1, NULL, NULL, NULL, NULL, NULL, NULL, NULL, NULL, NULL, NULL, 0, NULL, NULL, 'DEL6414117', 0, 'NoArea', NULL, NULL, NULL),
(1236, 57, 'ALARMES TECHNIQUES 24 ZONES EN COFFRET C3', 'AVISS', 27, NULL, NULL, 1, NULL, NULL, NULL, NULL, NULL, NULL, NULL, NULL, NULL, NULL, 0, NULL, NULL, 'AT24C3', 0, 'NoArea', NULL, NULL, NULL),
(1237, 57, 'RELAIS 24V/48V', 'AVISS', 27, NULL, NULL, 1, NULL, NULL, NULL, NULL, NULL, NULL, NULL, NULL, NULL, NULL, 0, NULL, NULL, 'RELAIS24V/48V', 0, 'NoArea', NULL, NULL, NULL),
(1238, 57, 'DETECTEUR DE MOUVEMENT BI LENT', 'DELTA', 27, NULL, NULL, 1, NULL, NULL, NULL, NULL, NULL, NULL, NULL, NULL, NULL, NULL, 0, NULL, NULL, 'DEL6412286', 0, 'NoArea', NULL, NULL, NULL),
(1239, 57, 'PACK PROMO TYXAL CAMERA', 'DELTA', 27, NULL, NULL, 1, NULL, NULL, NULL, NULL, NULL, NULL, NULL, NULL, NULL, NULL, 0, NULL, NULL, 'DEL6410184', 0, 'NoArea', NULL, NULL, NULL),
(1240, 57, 'EAE/AES 48V COFFRET METAL INCLUS 4 BATTERIES 12AH', 'EPCF', 27, NULL, NULL, 1, NULL, NULL, NULL, NULL, NULL, NULL, NULL, NULL, NULL, NULL, 0, NULL, NULL, 'AR00302', 0, 'NoArea', NULL, NULL, NULL),
(1241, 57, 'PABX ALCATEL PMNIPCX 4T0 16 UA 16Z KIT DE MONTAGE', 'ALCATEL', 27, NULL, NULL, 1, NULL, NULL, NULL, NULL, NULL, NULL, NULL, NULL, NULL, NULL, 0, NULL, NULL, 'AR00303', 0, 'NoArea', NULL, NULL, NULL),
(1242, 57, 'BORNE DECT 4070 IO BCS AVEC SUPPORT', 'EPCF', 27, NULL, NULL, 1, NULL, NULL, NULL, NULL, NULL, NULL, NULL, NULL, NULL, NULL, 0, NULL, NULL, 'AR00304', 0, 'NoArea', NULL, NULL, NULL),
(1243, 57, 'POSTE ALCATEL PREMIUN 8039 DESKPHONE', 'ALCATEL', 27, NULL, NULL, 1, NULL, NULL, NULL, NULL, NULL, NULL, NULL, NULL, NULL, NULL, 0, NULL, NULL, 'AR00305', 0, 'NoArea', NULL, NULL, NULL),
(1244, 57, 'PREMIUN ALCATEL ADD ON 10 TOUCHES', 'ALCATEL', 27, NULL, NULL, 1, NULL, NULL, NULL, NULL, NULL, NULL, NULL, NULL, NULL, NULL, 0, NULL, NULL, 'AR00306', 0, 'NoArea', NULL, NULL, NULL),
(1245, 57, 'LICENSE LOGICIEL 10 UTILISATEURS DECT', 'EPCF', 27, NULL, NULL, 0, NULL, NULL, NULL, NULL, NULL, NULL, NULL, NULL, NULL, NULL, 0, NULL, NULL, 'AR00307', 0, 'NoArea', NULL, NULL, NULL),
(1246, 57, 'GIGASET SL 750H PRO DECT', 'EPCF', 27, NULL, NULL, 1, NULL, NULL, NULL, NULL, NULL, NULL, NULL, NULL, NULL, NULL, 0, NULL, NULL, 'AR00308', 0, 'NoArea', NULL, NULL, NULL),
(1247, 57, 'AES 48V 4A C85 AB 17AH', 'ACCF', 27, NULL, NULL, 1, NULL, NULL, NULL, NULL, NULL, NULL, NULL, NULL, NULL, NULL, 0, NULL, NULL, '2080485017', 0, 'NoArea', NULL, NULL, NULL),
(1248, 57, 'PROGRAMMATION', 'AVISS', 27, NULL, NULL, 1, NULL, NULL, NULL, NULL, NULL, NULL, NULL, NULL, NULL, NULL, 0, NULL, NULL, 'PROGRAMMATION', 0, 'NoArea', NULL, NULL, NULL),
(1249, 57, 'ELEMENT DE RACCORDEMENT', 'AVISS', 27, NULL, NULL, 1, NULL, NULL, NULL, NULL, NULL, NULL, NULL, NULL, NULL, NULL, 0, NULL, NULL, 'ERS', 0, 'NoArea', NULL, NULL, NULL),
(1250, 57, 'ELEMENT DE RACCORDEMENT INTER', 'AVISS', 27, NULL, NULL, 0, NULL, NULL, NULL, NULL, NULL, NULL, NULL, NULL, NULL, NULL, 0, NULL, NULL, 'ERSI', 0, 'NoArea', NULL, NULL, NULL),
(1251, 57, 'ERB CENT', 'AVISS', 27, NULL, NULL, 0, NULL, NULL, NULL, NULL, NULL, NULL, NULL, NULL, NULL, NULL, 0, NULL, NULL, 'ERB', 0, 'NoArea', NULL, NULL, NULL),
(1252, 57, 'ALARME TECHNIQUE ADRESSABLE 4 BUS 496 ZONES AU TOT', 'IXION', 27, NULL, NULL, 1, NULL, NULL, NULL, NULL, NULL, NULL, NULL, NULL, NULL, NULL, 0, NULL, NULL, 'ATAD', 0, 'NoArea', NULL, NULL, NULL),
(1253, 57, 'MODULE D\'ENTRE 16 ZONES POUR ALARME TECHNIQUE', 'IXON', 27, NULL, NULL, 1, NULL, NULL, NULL, NULL, NULL, NULL, NULL, NULL, NULL, NULL, 0, NULL, NULL, 'ATAD-E', 0, 'NoArea', NULL, NULL, NULL),
(1254, 57, 'AES 48V 2A C24 AB 2,1 AH', 'ACCF', 27, NULL, NULL, 1, NULL, NULL, NULL, NULL, NULL, NULL, NULL, NULL, NULL, NULL, 0, NULL, NULL, '2080224002', 0, 'NoArea', NULL, NULL, NULL),
(1255, 57, 'BATTERIE 12 VOLTS 2A/H', 'EATON', 27, NULL, NULL, 1, NULL, NULL, NULL, NULL, NULL, NULL, NULL, NULL, NULL, NULL, 0, NULL, NULL, 'SCA00002', 0, 'NoArea', NULL, NULL, NULL),
(1256, 57, 'CENTRALE ALARME FILAIRE 10 ZONES EXT 30Z', 'COOPER', 27, NULL, NULL, 1, NULL, NULL, NULL, NULL, NULL, NULL, NULL, NULL, NULL, NULL, 0, NULL, NULL, 'I-ON30EXEUR', 0, 'NoArea', NULL, NULL, NULL),
(1257, 57, 'CLAVIER FILAIRE NFA2P pr I-ON160EXEURFR', 'EATON', 27, NULL, NULL, 1, NULL, NULL, NULL, NULL, NULL, NULL, NULL, NULL, NULL, NULL, 0, NULL, NULL, 'I-KP01FR', 0, 'NoArea', NULL, NULL, NULL),
(1258, 57, 'DETECTEUR DOUBLE TECH NFA2P 12M', 'EATON', 27, NULL, NULL, 1, NULL, NULL, NULL, NULL, NULL, NULL, NULL, NULL, NULL, NULL, 0, NULL, NULL, 'RXC-DT-X8', 0, 'NoArea', NULL, NULL, NULL),
(1259, 57, 'ETIQUETTE ARRET D URGENCE', 'SCHNEIDER', 27, NULL, NULL, 1, NULL, NULL, NULL, NULL, NULL, NULL, NULL, NULL, NULL, NULL, 0, NULL, NULL, 'SCHZBY9120', 0, '51', NULL, NULL, NULL),
(1260, 57, 'EQUIPEMENT D\'ALARME INCENDIE TYPE 4', 'NEUTRONIC', 27, NULL, NULL, 1, NULL, NULL, NULL, NULL, NULL, NULL, NULL, NULL, NULL, NULL, 0, NULL, NULL, 'TT41B', 0, '19', NULL, NULL, NULL),
(1261, 57, 'BATTERIE 12V 2ha', 'EPCF', 27, NULL, NULL, 1, NULL, NULL, NULL, NULL, NULL, NULL, NULL, NULL, NULL, NULL, 0, NULL, NULL, 'AR00469', 0, 'NoArea', NULL, NULL, NULL),
(1262, 57, 'BATTERIE 12V 7.2AH', 'IXION', 27, NULL, NULL, 0, NULL, NULL, NULL, NULL, NULL, NULL, NULL, NULL, NULL, NULL, 0, NULL, NULL, 'B12V7.2AH', 0, 'NoArea', NULL, NULL, NULL),
(1263, 57, 'CARTE BUS EXTENSION ENFICHABLE 8 ENTREES', 'UTC FIRE', 27, NULL, NULL, 1, NULL, NULL, NULL, NULL, NULL, NULL, NULL, NULL, NULL, NULL, 0, NULL, NULL, 'ATS608', 0, '19', NULL, NULL, NULL),
(1264, 57, 'DGP EXTENSION BUS 8 ZONES EXTENSIBLES A 32', 'UTC FIRE', 27, NULL, NULL, 1, NULL, NULL, NULL, NULL, NULL, NULL, NULL, NULL, NULL, NULL, 0, NULL, NULL, 'ATS1204E', 0, '19', NULL, NULL, NULL),
(1265, 57, 'BATTERIE 12V 26Ah', 'UTC FIRE', 27, NULL, NULL, 1, NULL, NULL, NULL, NULL, NULL, NULL, NULL, NULL, NULL, NULL, 0, NULL, NULL, 'BS129NS3', 0, '19', NULL, NULL, NULL),
(1266, 57, '24 PORT FAST ETHERNET WEB SMART SWITCH POE', 'UTC FIRE', 27, NULL, NULL, 1, NULL, NULL, NULL, NULL, NULL, NULL, NULL, NULL, NULL, NULL, 0, NULL, NULL, 'ES2402-24P-2C', 0, '19', NULL, NULL, NULL),
(1267, 57, 'EQUIPE D\'ALARME TYPE 3 SONORE ET LUMINEUX CONCEPT 3', 'AVISS', 27, NULL, NULL, 1, NULL, NULL, NULL, NULL, NULL, NULL, NULL, NULL, NULL, NULL, 0, NULL, NULL, '510036', 0, '1', NULL, NULL, NULL),
(1268, 57, 'EAES/AES VOLTA EN COFFRET C9-B', 'AVISS', 27, NULL, NULL, 0, NULL, NULL, NULL, NULL, NULL, NULL, NULL, NULL, NULL, NULL, 0, NULL, NULL, '950901', 0, '1', NULL, NULL, NULL),
(1269, 58, 'PARABOLE VISIOSAT 90/100CM FIBRE FLASQUE MÃ‰TAL', 'PRIVILÃˆGE ESPACE', 30, NULL, NULL, 0, NULL, NULL, NULL, NULL, NULL, NULL, NULL, NULL, NULL, NULL, 0, NULL, NULL, 'PAR0016', 0, '0', NULL, NULL, NULL),
(1270, 58, 'PARABOLE 80 CM', 'PRIVILÃˆGE ESPACE', 30, NULL, NULL, 0, NULL, NULL, NULL, NULL, NULL, NULL, NULL, NULL, NULL, NULL, 0, NULL, NULL, 'PAR0008', 0, '0', NULL, NULL, NULL),
(1271, 58, 'TERMINAL NUMERIQUE DG 1001 NOIR', 'INFROMETIQUE', 30, NULL, NULL, 0, NULL, NULL, NULL, NULL, NULL, NULL, NULL, NULL, NULL, NULL, 0, NULL, NULL, 'TER0021', 0, 'NoArea', NULL, NULL, NULL),
(1272, 58, 'ghgh', 'hfg', 30, NULL, NULL, 0, NULL, NULL, NULL, NULL, NULL, NULL, NULL, NULL, NULL, NULL, 0, NULL, NULL, 'fghfgh', 0, 'NoArea', NULL, NULL, NULL),
(1273, 58, 'gfhhbgf', 'hfghfgh', 30, NULL, NULL, 0, NULL, NULL, NULL, NULL, NULL, NULL, NULL, NULL, NULL, NULL, 0, NULL, NULL, 'fghfghfg', 0, 'NoArea', NULL, NULL, NULL),
(1274, 58, 'PARABOLE 90/100CM FIBRE MONTURE', 'PRIVILEGE ESPACE', 30, NULL, NULL, 1, NULL, NULL, NULL, NULL, NULL, NULL, NULL, NULL, NULL, NULL, 0, NULL, NULL, 'TON771590', 0, '0', NULL, NULL, NULL),
(1275, 58, 'ANTENNE HERTZIENNE UHF 44 ELEMENTS', 'VISIOSAT', 31, NULL, NULL, 1, NULL, NULL, NULL, NULL, NULL, NULL, NULL, NULL, NULL, NULL, 0, NULL, NULL, 'VIS0144301', 0, '0', NULL, NULL, NULL),
(1276, 58, 'FM OMNIDIRECTIONNELLE CIRCULAIRE', 'VISIOSAT', 31, NULL, NULL, 1, NULL, NULL, NULL, NULL, NULL, NULL, NULL, NULL, NULL, NULL, 0, NULL, NULL, 'VIS0144303', 0, '22', NULL, NULL, NULL),
(1277, 58, 'KIT PREAMPL 1E UHF 20-35 DB', 'VISIOSAT', 31, NULL, NULL, 0, NULL, NULL, NULL, NULL, NULL, NULL, NULL, NULL, NULL, NULL, 0, NULL, NULL, 'VIS0144515', 0, 'NoArea', NULL, NULL, NULL),
(1278, 58, 'STATION AMP HZ PROG (90 DB) AVEC ALIM', 'VISIOSAT', 31, NULL, NULL, 1, NULL, NULL, NULL, NULL, NULL, NULL, NULL, NULL, NULL, NULL, 0, NULL, NULL, 'VIS0144469', 0, '0', NULL, NULL, NULL),
(1279, 58, 'DERIVATEUR 4-2400 MHZ', 'VISIOSAT', 31, NULL, NULL, 1, NULL, NULL, NULL, NULL, NULL, NULL, NULL, NULL, NULL, NULL, 0, NULL, NULL, 'VIS0144194', 0, '13', NULL, NULL, NULL),
(1280, 58, 'DERIVATEUR 5-2400 MHZ', 'VISIOSAT', 31, NULL, NULL, 0, NULL, NULL, NULL, NULL, NULL, NULL, NULL, NULL, NULL, NULL, 0, NULL, NULL, 'VIS0144204', 0, 'NoArea', NULL, NULL, NULL),
(1281, 58, '2 X FIX. MUR DÃ‰P.350 (LA PAIRE) GALVA Ã€ CHAUD', 'CAHORS', 32, NULL, NULL, 1, NULL, NULL, NULL, NULL, NULL, NULL, NULL, NULL, NULL, NULL, 0, NULL, NULL, '144402', 0, '22', NULL, NULL, NULL),
(1282, 58, 'MAT EMBOITABLE DAIM 40L = 2M GALVA A CHAUD', 'VISIOSAT', 31, NULL, NULL, 1, NULL, NULL, NULL, NULL, NULL, NULL, NULL, NULL, NULL, NULL, 0, NULL, NULL, 'VIS0144406', 0, '43', NULL, NULL, NULL),
(1283, 58, 'CABLE INT ROLLER 250M 17 VATCA', 'VISIOSAT', 31, NULL, NULL, 1, NULL, NULL, NULL, NULL, NULL, NULL, NULL, NULL, NULL, NULL, 0, NULL, NULL, 'VIS0144586', 0, '49', NULL, NULL, NULL),
(1284, 58, 'F A SERTIR POUR 19/17 V(P) ATC NITIM', 'CAHORS', 32, NULL, NULL, 100, NULL, NULL, NULL, NULL, NULL, NULL, NULL, NULL, NULL, NULL, 0, NULL, NULL, 'VIS0144243', 0, '33', NULL, NULL, NULL),
(1285, 58, 'BOITE D\'ARR. TV/FM VOIE DE RETOUR SUR SORTIE F', 'VISIOSAT', 31, NULL, NULL, 0, NULL, NULL, NULL, NULL, NULL, NULL, NULL, NULL, NULL, NULL, 0, NULL, NULL, 'VIS0144230', 0, 'NoArea', NULL, NULL, NULL),
(1286, 58, 'ATF 130 PARABOLE ACIER 130CM', 'TRIAX', 33, NULL, NULL, 1, NULL, NULL, NULL, NULL, NULL, NULL, NULL, NULL, NULL, NULL, 0, NULL, NULL, '115930', 0, '42', NULL, NULL, NULL),
(1287, 58, 'PARABOLE 1.20 FIBRE EPOXY SEULE SANS MONTURE A', 'PRIVILEGE ESPACE', 30, NULL, NULL, 1, NULL, NULL, NULL, NULL, NULL, NULL, NULL, NULL, NULL, NULL, 0, NULL, NULL, 'PAR0060', 0, 'NoArea', NULL, NULL, NULL),
(1288, 58, 'MONTURE FIXE AZ/EL POUR 1.20M', 'PRIVILEGE ESPACE', 30, NULL, NULL, 1, NULL, NULL, NULL, NULL, NULL, NULL, NULL, NULL, NULL, NULL, 0, NULL, NULL, 'MON0010', 0, 'NoArea', NULL, NULL, NULL),
(1289, 58, 'LNB UNIVERSEL QUATRO INVERTO SERIE BLACK PREMI', 'PRIVILEGE ESPACE', 30, NULL, NULL, 1, NULL, NULL, NULL, NULL, NULL, NULL, NULL, NULL, NULL, NULL, 0, NULL, NULL, 'LNB0053', 0, 'NoArea', NULL, NULL, NULL),
(1290, 58, 'MULTI AMPLIFICATEUR PRIVEL 09E SAT.24DB/1A TER', 'PRIVILEGE ESPACE', 30, NULL, NULL, 1, NULL, NULL, NULL, NULL, NULL, NULL, NULL, NULL, NULL, NULL, 0, NULL, NULL, 'MUL0903', 0, 'NoArea', NULL, NULL, NULL),
(1291, 58, 'CONNECTEUR DC DIA 05.5/2.1 MALE A VISSER', 'PRIVILEGE ESPACE', 30, NULL, NULL, 1, NULL, NULL, NULL, NULL, NULL, NULL, NULL, NULL, NULL, NULL, 0, NULL, NULL, 'CON0062', 0, 'NoArea', NULL, NULL, NULL),
(1292, 58, 'MULTISWITCH CASCDABLE PRIVEL 9E 10S-10DB', 'PRIVILEGE ESPACE', 30, NULL, NULL, 1, NULL, NULL, NULL, NULL, NULL, NULL, NULL, NULL, NULL, NULL, 0, NULL, NULL, 'MUL0916', 0, 'NoArea', NULL, NULL, NULL),
(1293, 58, 'MULTISWITCH CASCABLE PRIVEL 9E/16S 12DB', 'PRIVILEGE ESPACE', 30, NULL, NULL, 1, NULL, NULL, NULL, NULL, NULL, NULL, NULL, NULL, NULL, NULL, 0, NULL, NULL, 'MUL0917', 0, 'NoArea', NULL, NULL, NULL),
(1294, 58, 'MULTISWITCH CASCABLE PRIVEL 9E/20S 12DB', 'PRIVILEGE ESPACE', 30, NULL, NULL, 1, NULL, NULL, NULL, NULL, NULL, NULL, NULL, NULL, NULL, NULL, 0, NULL, NULL, 'MUL0918', 0, 'NoArea', NULL, NULL, NULL),
(1295, 58, 'ANTENNE UHF SIGMA 6HD', 'PRIVILEGE ESPACE', 30, NULL, NULL, 1, NULL, NULL, NULL, NULL, NULL, NULL, NULL, NULL, NULL, NULL, 0, NULL, NULL, 'WANT0009', 0, 'NoArea', NULL, NULL, NULL),
(1296, 58, 'ANTENNE FM S OMNIDIRECTIONNEL FRACARRO', 'PRIVILEGE ESPACE', 30, NULL, NULL, 1, NULL, NULL, NULL, NULL, NULL, NULL, NULL, NULL, NULL, NULL, 0, NULL, NULL, 'WANT0001', 0, 'NoArea', NULL, NULL, NULL),
(1297, 58, 'ANTENNE DE 75 ELEMENSTS 3 AXES DIRECTIONEL', 'TELEVES', 30, NULL, NULL, 1, NULL, NULL, NULL, NULL, NULL, NULL, NULL, NULL, NULL, NULL, 0, NULL, NULL, '1597', 0, 'NoArea', NULL, NULL, NULL),
(1298, 58, 'SWITCH TV 8 PORTS RJ45 EXTENSIBLE A 16', 'CASANOVA', 30, NULL, NULL, 1, NULL, NULL, NULL, NULL, NULL, NULL, NULL, NULL, NULL, NULL, 0, NULL, NULL, 'CSVH17008', 0, 'NoArea', NULL, NULL, NULL),
(1299, 58, 'ANTENNE UHF SIGMA 6 HD LTE', 'FRACARRO', 30, NULL, NULL, 1, NULL, NULL, NULL, NULL, NULL, NULL, NULL, NULL, NULL, NULL, 0, NULL, NULL, 'PORSIGMA6HDLTE', 0, 'NoArea', NULL, NULL, NULL),
(1300, 58, 'ANTENNE FM OMINI', 'FRANCOFA', 30, NULL, NULL, 1, NULL, NULL, NULL, NULL, NULL, NULL, NULL, NULL, NULL, NULL, 0, NULL, NULL, 'PORANT1200A', 0, '69', NULL, NULL, NULL),
(1301, 58, 'FIXATION SIMPLE/MAT D.30 A50 ZB', 'REXEL', 34, NULL, NULL, 0, NULL, NULL, NULL, NULL, NULL, NULL, NULL, NULL, NULL, NULL, 0, NULL, NULL, 'EAD801303', 0, 'NoArea', NULL, NULL, NULL),
(1302, 58, 'FEUILLARD ACIER GALVA 5M', 'REXEL', 34, NULL, NULL, 1, NULL, NULL, NULL, NULL, NULL, NULL, NULL, NULL, NULL, NULL, 0, NULL, NULL, 'EAD004100', 0, 'NoArea', NULL, NULL, NULL),
(1303, 58, 'TRONCON 1.5M D40 ZB', 'REXEL', 34, NULL, NULL, 0, NULL, NULL, NULL, NULL, NULL, NULL, NULL, NULL, NULL, NULL, 0, NULL, NULL, 'EAD801540', 0, 'NoArea', NULL, NULL, NULL),
(1304, 58, 'ANTENNE FLASHD LTE TRIPLE BOOM IKUSI', 'IKUSI', 34, NULL, NULL, 0, NULL, NULL, NULL, NULL, NULL, NULL, NULL, NULL, NULL, NULL, 0, NULL, NULL, 'ANT0025W', 0, 'NoArea', NULL, NULL, NULL),
(1305, 58, 'ANTENNE FM 1 ELEMENT CIRCULAIRE', 'PRIVILEGE ESPACE', 30, NULL, NULL, 0, NULL, NULL, NULL, NULL, NULL, NULL, NULL, NULL, NULL, NULL, 0, NULL, NULL, 'ANT0019W', 0, 'NoArea', NULL, NULL, NULL),
(1306, 58, 'AMPLI COMPACTE AGILE TNT45DB', 'PRIVILEGE ESPACE', 30, NULL, NULL, 0, NULL, NULL, NULL, NULL, NULL, NULL, NULL, NULL, NULL, NULL, 0, NULL, NULL, 'WAMP0010', 0, 'NoArea', NULL, NULL, NULL),
(1307, 58, 'ALIM 12V DC A DECOUPAGE', 'PRIVILEGE ESPACE', 30, NULL, NULL, 0, NULL, NULL, NULL, NULL, NULL, NULL, NULL, NULL, NULL, NULL, 0, NULL, NULL, 'ALI0053', 0, 'NoArea', NULL, NULL, NULL),
(1308, 58, 'MULTISWITCH 09E/08S ACTIF PASSIF', 'PRIVILEGE ESPACE', 30, NULL, NULL, 0, NULL, NULL, NULL, NULL, NULL, NULL, NULL, NULL, NULL, NULL, 0, NULL, NULL, 'MUL0511', 0, 'NoArea', NULL, NULL, NULL),
(1309, 58, 'REPARTITEUR 4 VOIES ULB A DIODES', 'PRIVILEGE ESPACE', 30, NULL, NULL, 0, NULL, NULL, NULL, NULL, NULL, NULL, NULL, NULL, NULL, NULL, 0, NULL, NULL, 'R0P0013W', 0, 'NoArea', NULL, NULL, NULL),
(1310, 58, 'Charge 75 Ohms \"PRIVEL\"', 'PRIVEL', 30, NULL, NULL, 100, NULL, NULL, NULL, NULL, NULL, NULL, NULL, NULL, NULL, NULL, 0, NULL, NULL, 'CHA0008', 0, 'NoArea', NULL, NULL, NULL),
(1311, 58, 'ANTENNE CANAUX L05-10 GAIN 8.3 dB', 'GDV', 35, NULL, NULL, 0, NULL, NULL, NULL, NULL, NULL, NULL, NULL, NULL, NULL, NULL, 0, NULL, NULL, 'WIS-FX07', 0, 'NoArea', NULL, NULL, NULL),
(1312, 58, 'CORDON TV RJ45 / IEC MALE LG2.50', 'CASANOVA', 35, NULL, NULL, 0, NULL, NULL, NULL, NULL, NULL, NULL, NULL, NULL, NULL, NULL, 0, NULL, NULL, 'H59250', 0, 'NoArea', NULL, NULL, NULL),
(1313, 58, 'ANTENNE SIGMA 6HD LTE', 'FRACARRO', 35, NULL, NULL, 1, NULL, NULL, NULL, NULL, NULL, NULL, NULL, NULL, NULL, NULL, 0, NULL, NULL, '213219', 0, 'NoArea', NULL, NULL, NULL),
(1314, 58, 'ANTENNE UHF SIGMA 8HD LTE', 'PRIVILEGE ESPACE', 30, NULL, NULL, 1, NULL, NULL, NULL, NULL, NULL, NULL, NULL, NULL, NULL, NULL, 0, NULL, NULL, 'WANT0005', 0, 'NoArea', NULL, NULL, NULL),
(1315, 58, 'ANTENNE FM S OMNIDIRECTIONNEL', 'PRIVILEGE ESPACE', 30, NULL, NULL, 1, NULL, NULL, NULL, NULL, NULL, NULL, NULL, NULL, NULL, NULL, 0, NULL, NULL, 'ANT0100', 0, 'NoArea', NULL, NULL, NULL),
(1316, 58, 'PARABOLE 1.20M FIBRE MONTURE AZ/EL', 'PRIVILEGE ESPACE', 30, NULL, NULL, 1, NULL, NULL, NULL, NULL, NULL, NULL, NULL, NULL, NULL, NULL, 0, NULL, NULL, 'PAR0028', 0, 'NoArea', NULL, NULL, NULL),
(1317, 58, 'KIT CONVERTISSEUR TERR.BIS', 'PRIVILEGE ESPACE', 30, NULL, NULL, 1, NULL, NULL, NULL, NULL, NULL, NULL, NULL, NULL, NULL, NULL, 0, NULL, NULL, 'COV0321', 0, 'NoArea', NULL, NULL, NULL),
(1318, 58, 'FIBRE OPTIQUE MONOMODE PRIVEL', 'PRIVILEGE ESPACE', 30, NULL, NULL, 500, NULL, NULL, NULL, NULL, NULL, NULL, NULL, NULL, NULL, NULL, 0, NULL, NULL, 'FOM0001', 0, 'NoArea', NULL, NULL, NULL),
(1319, 58, 'CONNECTEUR PRIVEL FC/PC PRE INTEGRE POUR FIBRE OPT', 'PRIVILEGE ESPACE', 30, NULL, NULL, 1, NULL, NULL, NULL, NULL, NULL, NULL, NULL, NULL, NULL, NULL, 0, NULL, NULL, 'CON0070', 0, 'NoArea', NULL, NULL, NULL),
(1320, 58, 'COATING STRIPPER GUIDE DECAPANT DE REVETEMENT FIBR', 'PRIVILEGE ESPACE', 30, NULL, NULL, 1, NULL, NULL, NULL, NULL, NULL, NULL, NULL, NULL, NULL, NULL, 0, NULL, NULL, 'OUT0056', 0, 'NoArea', NULL, NULL, NULL),
(1321, 58, 'MULTI AMPLIFICATEUR PRIVEL 16E', 'PRIVILEGE ESPACE', 30, NULL, NULL, 1, NULL, NULL, NULL, NULL, NULL, NULL, NULL, NULL, NULL, NULL, 0, NULL, NULL, 'MUL0901', 0, 'NoArea', NULL, NULL, NULL),
(1322, 58, 'MULTISWITCH CASCABLE PRIVEL 17E/10S - 15DB', 'PRIVILEGE ESPACE', 30, NULL, NULL, 1, NULL, NULL, NULL, NULL, NULL, NULL, NULL, NULL, NULL, NULL, 0, NULL, NULL, 'MUL0960', 0, 'NoArea', NULL, NULL, NULL),
(1323, 58, 'BP DE SORTIE INOX 1BP', 'PRIVILEGE ESPACE', 30, NULL, NULL, 1, NULL, NULL, NULL, NULL, NULL, NULL, NULL, NULL, NULL, NULL, 0, NULL, NULL, 'BP3005', 0, 'NoArea', NULL, NULL, NULL),
(1324, 58, 'KIT DEVE196X3M MONTE DANS BOITE INOX EN ENCASTRER', 'NORALSY', 36, NULL, NULL, 1, NULL, NULL, NULL, NULL, NULL, NULL, NULL, NULL, NULL, NULL, 0, NULL, NULL, 'DEVE196-XMBE', 0, '19', NULL, NULL, NULL),
(1325, 58, 'COMBINER AUDIO BLANC + FIXATION', 'NORALSY', 36, NULL, NULL, 1, NULL, NULL, NULL, NULL, NULL, NULL, NULL, NULL, NULL, NULL, 0, NULL, NULL, 'AGATA_C', 0, '19', NULL, NULL, NULL),
(1326, 58, 'FORFAIT JOURNEE MISE EN SERVICE PARIS & COURONNE', 'NORALSY', 36, NULL, NULL, 1, NULL, NULL, NULL, NULL, NULL, NULL, NULL, NULL, NULL, NULL, 0, NULL, NULL, 'UCAMPI01', 0, 'NoArea', NULL, NULL, NULL),
(1327, 58, 'Kit face + boitier Saill 1 BP ECL(NO/OFFÂ° GRAV 80x', 'PRIVILEGE ESPACE', 30, NULL, NULL, 1, NULL, NULL, NULL, NULL, NULL, NULL, NULL, NULL, NULL, NULL, 0, NULL, NULL, 'KIT0301', 0, 'NoArea', NULL, NULL, NULL),
(1328, 58, 'Charge 75 Ohms version isolÃ©e', 'PRIVEL', 30, NULL, NULL, 25, NULL, NULL, NULL, NULL, NULL, NULL, NULL, NULL, NULL, NULL, 0, NULL, NULL, 'CHA0004', 0, 'NoArea', NULL, NULL, NULL),
(1329, 58, 'ANTENNE PASSIVE TNT-HD PRO BLANC', 'ANTENGRIN', 30, NULL, NULL, 1, NULL, NULL, NULL, NULL, NULL, NULL, NULL, NULL, NULL, NULL, 0, NULL, NULL, 'P2001S05', 0, '36', NULL, NULL, NULL),
(1330, 58, 'ANTENNE 868 MHZ', 'CARDIN', 30, NULL, NULL, 1, NULL, NULL, NULL, NULL, NULL, NULL, NULL, NULL, NULL, NULL, 0, NULL, NULL, 'CAR-ANQ800-1', 0, 'NoArea', NULL, NULL, NULL),
(1331, 58, 'ANTENNE POUR RECEPTEUR 433 Mhz', 'CARDIN', 30, NULL, NULL, 1, NULL, NULL, NULL, NULL, NULL, NULL, NULL, NULL, NULL, NULL, 0, NULL, NULL, 'CAR-ANS400', 0, 'NoArea', NULL, NULL, NULL),
(1332, 58, 'PARABOLE 1.20M FIBRE MONTURE AZ/EL', 'PRIVEL', 30, NULL, NULL, 1, NULL, NULL, NULL, NULL, NULL, NULL, NULL, NULL, NULL, NULL, 0, NULL, NULL, 'PAR0023', 0, 'NoArea', NULL, NULL, NULL),
(1333, 58, 'LNB UNIVERSEL QUATRO INVERTO SERIE BLACK', 'PRIVILÃˆGE ESPACE', 30, NULL, NULL, 1, NULL, NULL, NULL, NULL, NULL, NULL, NULL, NULL, NULL, NULL, 0, NULL, NULL, 'LNB0063', 0, 'NoArea', NULL, NULL, NULL),
(1334, 58, 'FILTRE COMPACT AGILE CANAL', 'PRIVEL', 30, NULL, NULL, 1, NULL, NULL, NULL, NULL, NULL, NULL, NULL, NULL, NULL, NULL, 0, NULL, NULL, 'FIL0081', 0, 'NoArea', NULL, NULL, NULL),
(1335, 58, 'COAXIAL 9X18 VATC/PH CLASSSE A+', 'PRIVEL', 30, NULL, NULL, 1, NULL, NULL, NULL, NULL, NULL, NULL, NULL, NULL, NULL, NULL, 0, NULL, NULL, 'COA00389', 0, 'NoArea', NULL, NULL, NULL),
(1336, 58, 'CERCLAGE DOUBLE GALVANISE A CHAUD LA PAIRE', 'PRIVEL', 30, NULL, NULL, 1, NULL, NULL, NULL, NULL, NULL, NULL, NULL, NULL, NULL, NULL, 0, NULL, NULL, 'CER0033', 0, 'NoArea', NULL, NULL, NULL),
(1337, 58, 'FEUILLARD ACIER L.25M GALVANISE', 'PRIVEL', 30, NULL, NULL, 1, NULL, NULL, NULL, NULL, NULL, NULL, NULL, NULL, NULL, NULL, 0, NULL, NULL, 'FEU0002', 0, 'NoArea', NULL, NULL, NULL),
(1338, 58, 'DERIVATEUR 12dB', 'PRIVEL', 30, NULL, NULL, 1, NULL, NULL, NULL, NULL, NULL, NULL, NULL, NULL, NULL, NULL, 0, NULL, NULL, 'DER0112', 0, 'NoArea', NULL, NULL, NULL),
(1339, 58, 'DERIVATEUR 10dB', 'PRIVEL', 30, NULL, NULL, 1, NULL, NULL, NULL, NULL, NULL, NULL, NULL, NULL, NULL, NULL, 0, NULL, NULL, 'DER0110', 0, 'NoArea', NULL, NULL, NULL),
(1340, 58, 'DERIVATEUR 08dB', 'PRIVEL', 30, NULL, NULL, 1, NULL, NULL, NULL, NULL, NULL, NULL, NULL, NULL, NULL, NULL, 0, NULL, NULL, 'DER0108', 0, 'NoArea', NULL, NULL, NULL),
(1341, 58, 'DERIVATEUR 06dB', 'PRIVEL', 30, NULL, NULL, 1, NULL, NULL, NULL, NULL, NULL, NULL, NULL, NULL, NULL, NULL, 0, NULL, NULL, 'DER0106', 0, 'NoArea', NULL, NULL, NULL),
(1342, 58, 'CONNECTEUR F AUTO COMPRESSION', 'PRIVEL', 30, NULL, NULL, 1, NULL, NULL, NULL, NULL, NULL, NULL, NULL, NULL, NULL, NULL, 0, NULL, NULL, 'CON0046', 0, '14', NULL, NULL, NULL),
(1343, 58, 'COAXIAL 18 VATC/PH CLASSE A+ C100M', 'PRIVEL', 30, NULL, NULL, 1, NULL, NULL, NULL, NULL, NULL, NULL, NULL, NULL, NULL, NULL, 0, NULL, NULL, 'COA0036', 0, 'NoArea', NULL, NULL, NULL),
(1344, 58, 'MULTI AMPLIFICATEUR PRIVEL 16E A', 'PRIVILEGE ESPACE', 30, NULL, NULL, 1, NULL, NULL, NULL, NULL, NULL, NULL, NULL, NULL, NULL, NULL, 0, NULL, NULL, 'MUL0901A', 0, 'NoArea', NULL, NULL, NULL),
(1345, 58, 'CONNECTEUR F AUTO COMPRESSION 5.3', 'PRIVEL', 30, NULL, NULL, 1, NULL, NULL, NULL, NULL, NULL, NULL, NULL, NULL, NULL, NULL, 0, NULL, NULL, 'CON0044', 0, 'NoArea', NULL, NULL, NULL),
(1346, 58, 'DERIVATEUR 16dB', 'PRIVEL', 30, NULL, NULL, 1, NULL, NULL, NULL, NULL, NULL, NULL, NULL, NULL, NULL, NULL, 0, NULL, NULL, 'DER0116', 0, 'NoArea', NULL, NULL, NULL),
(1347, 58, 'COAXIAL 18 VATC/PH CLASSE A+ C250M', 'PRIVEL', 30, NULL, NULL, 1, NULL, NULL, NULL, NULL, NULL, NULL, NULL, NULL, NULL, NULL, 0, NULL, NULL, 'COA0036A', 0, '25', NULL, NULL, NULL),
(1348, 58, 'DAS 85 REFLECTEUR OFFSET ALU 85CM', 'TRIAX', 33, NULL, NULL, 1, NULL, NULL, NULL, NULL, NULL, NULL, NULL, NULL, NULL, NULL, 0, NULL, NULL, '18485', 0, '59', NULL, NULL, NULL),
(1349, 58, 'TQT 006 QUATTRO POUR COLLECTIVE REPERAGE', 'TRIAX', 33, NULL, NULL, 1, NULL, NULL, NULL, NULL, NULL, NULL, NULL, NULL, NULL, NULL, 0, NULL, NULL, '304446', 0, '14', NULL, NULL, NULL),
(1350, 58, '18 MULTI 9*18 VATC GEXT EN PVC NOIR D25MM', 'TRIAX', 33, NULL, NULL, 100, NULL, NULL, NULL, NULL, NULL, NULL, NULL, NULL, NULL, NULL, 0, NULL, NULL, '731037', 0, 'NoArea', NULL, NULL, NULL),
(1351, 58, 'RMF 75 RACCORD DROIT METALLIQUE CON F RAPIDE MALE/', 'TRIAX', 33, NULL, NULL, 1, NULL, NULL, NULL, NULL, NULL, NULL, NULL, NULL, NULL, NULL, 0, NULL, NULL, '711751', 0, 'NoArea', NULL, NULL, NULL),
(1352, 58, 'TDA418 AMPLI SATELLITE 4 ENTRES G13 A 18DB NS 108', 'TRIAX', 33, NULL, NULL, 1, NULL, NULL, NULL, NULL, NULL, NULL, NULL, NULL, NULL, NULL, 0, NULL, NULL, '364418', 0, '19', NULL, NULL, NULL),
(1353, 58, 'TMS ALIM ALIMENTATION SYSTEME TMS 18VCC 2A', 'TRIAX', 33, NULL, NULL, 1, NULL, NULL, NULL, NULL, NULL, NULL, NULL, NULL, NULL, NULL, 0, NULL, NULL, '300374', 0, 'NoArea', NULL, NULL, NULL),
(1354, 58, 'TMS17/8T COMMUTATEUR TERMINAL 17E LIGNES / 8S COMM', 'TRIAX', 33, NULL, NULL, 1, NULL, NULL, NULL, NULL, NULL, NULL, NULL, NULL, NULL, NULL, 0, NULL, NULL, '301608', 0, 'NoArea', NULL, NULL, NULL),
(1355, 58, 'TMS17*16T COMMUTATEUR TERMINAL 17E LIGNES / 16 COM', 'TRIAX', 33, NULL, NULL, 1, NULL, NULL, NULL, NULL, NULL, NULL, NULL, NULL, NULL, NULL, 0, NULL, NULL, '301616', 0, 'NoArea', NULL, NULL, NULL),
(1356, 58, 'TMS17*16C COMMUTATEUR CASCADABLE 17ES LIGNES / 16S', 'TRIAX', 33, NULL, NULL, 1, NULL, NULL, NULL, NULL, NULL, NULL, NULL, NULL, NULL, NULL, 0, NULL, NULL, '301516', 0, 'NoArea', NULL, NULL, NULL),
(1357, 58, 'PARABOLE 100CM FIBRE CLAIRE', 'TRIAX', 33, NULL, NULL, 1, NULL, NULL, NULL, NULL, NULL, NULL, NULL, NULL, NULL, NULL, 0, NULL, NULL, '369312', 0, 'NoArea', NULL, NULL, NULL),
(1358, 58, 'TOS 02D-4060 REPARTITEUR OPTIQUE METALIQUE', 'TRIAX', 33, NULL, NULL, 1, NULL, NULL, NULL, NULL, NULL, NULL, NULL, NULL, NULL, NULL, 0, NULL, NULL, '307733', 0, 'NoArea', NULL, NULL, NULL),
(1359, 58, 'SCT 1-12 DER 1D 5-2400 MHZ', 'TRIAX', 33, NULL, NULL, 1, NULL, NULL, NULL, NULL, NULL, NULL, NULL, NULL, NULL, NULL, 0, NULL, NULL, '342112', 0, 'NoArea', NULL, NULL, NULL),
(1360, 58, 'GAS 699P STOP COURANT SUR SORTIE SAT', 'TRIAX', 33, NULL, NULL, 1, NULL, NULL, NULL, NULL, NULL, NULL, NULL, NULL, NULL, NULL, 0, NULL, NULL, '741006', 0, 'NoArea', NULL, NULL, NULL),
(1361, 58, 'TOU232SA EMETTEUR OPTIQUE ULB SEUL', 'TRIAX', 33, NULL, NULL, 1, NULL, NULL, NULL, NULL, NULL, NULL, NULL, NULL, NULL, NULL, 0, NULL, NULL, '307615', 0, 'NoArea', NULL, NULL, NULL),
(1362, 58, 'CDB303 COUPLEUR 3 ENTREES CONFIGUR', 'TRIAX', 33, NULL, NULL, 1, NULL, NULL, NULL, NULL, NULL, NULL, NULL, NULL, NULL, NULL, 0, NULL, NULL, '368011', 0, 'NoArea', NULL, NULL, NULL),
(1363, 58, 'TOU232 KIT LNB TWL', 'TRIAX', 33, NULL, NULL, 1, NULL, NULL, NULL, NULL, NULL, NULL, NULL, NULL, NULL, NULL, 0, NULL, NULL, '307614', 0, 'NoArea', NULL, NULL, NULL),
(1364, 58, 'PREAMPLI UHF 1 ENTREE 23 DB', 'EVICOM', 37, NULL, NULL, 1, NULL, NULL, NULL, NULL, NULL, NULL, NULL, NULL, NULL, NULL, 0, NULL, NULL, 'EVI-EPR252R', 0, '13', NULL, NULL, NULL),
(1365, 58, 'ANTENNE FM OMNIDIRECTIONELLE', 'EVICOM', 37, NULL, NULL, 1, NULL, NULL, NULL, NULL, NULL, NULL, NULL, NULL, NULL, NULL, 0, NULL, NULL, 'EVI-B50044', 0, '13', NULL, NULL, NULL),
(1366, 58, 'ANTENNE 46 ELEMENTS UHF DIGIWHITE', 'EVICOM', 37, NULL, NULL, 1, NULL, NULL, NULL, NULL, NULL, NULL, NULL, NULL, NULL, NULL, 0, NULL, NULL, 'EVI-B55460', 0, '48', NULL, NULL, NULL),
(1367, 58, 'AMPLI DE TETE CASCADABLE', 'EVICOM', 37, NULL, NULL, 1, NULL, NULL, NULL, NULL, NULL, NULL, NULL, NULL, NULL, NULL, 0, NULL, NULL, 'EVI-SCSC9100', 0, '19', NULL, NULL, NULL),
(1368, 58, 'REPARTITEUR ASYM 4*4 VOIES BIS', 'EVICOM', 37, NULL, NULL, 1, NULL, NULL, NULL, NULL, NULL, NULL, NULL, NULL, NULL, NULL, 0, NULL, NULL, 'EVI-SCSC412', 0, 'NoArea', NULL, NULL, NULL),
(1369, 58, 'INJECTEUR DE COURANT', 'EVICOM', 37, NULL, NULL, 1, NULL, NULL, NULL, NULL, NULL, NULL, NULL, NULL, NULL, NULL, 0, NULL, NULL, 'EVI-SPI22', 0, '48', NULL, NULL, NULL),
(1370, 58, 'COMMUT CASCADABLE 16 DERIV', 'EVICOM', 37, NULL, NULL, 1, NULL, NULL, NULL, NULL, NULL, NULL, NULL, NULL, NULL, NULL, 0, NULL, NULL, 'EVI-SCSC17216', 0, 'NoArea', NULL, NULL, NULL),
(1371, 58, 'COMMUTATEUR 17 ENTREES 16 SORTIES', 'EVICOM', 37, NULL, NULL, 1, NULL, NULL, NULL, NULL, NULL, NULL, NULL, NULL, NULL, NULL, 0, NULL, NULL, 'EVI-SCS1716Z', 0, '48', NULL, NULL, NULL),
(1372, 58, 'PARABOLE FIBRE 75X80CM', 'EVICOM', 37, NULL, NULL, 1, NULL, NULL, NULL, NULL, NULL, NULL, NULL, NULL, NULL, NULL, 0, NULL, NULL, 'EVI-SPAF080', 0, 'NoArea', NULL, NULL, NULL),
(1373, 58, 'AMPLI 40 DB PROGRAMMABLE 10VO', 'EVICOM', 37, NULL, NULL, 1, NULL, NULL, NULL, NULL, NULL, NULL, NULL, NULL, NULL, NULL, 0, NULL, NULL, 'EVI-EALBPROG/10A', 0, '19', NULL, NULL, NULL),
(1374, 58, 'PARABOLE FIBRE 90 X 100 CM', 'EVICOM', 37, NULL, NULL, 1, NULL, NULL, NULL, NULL, NULL, NULL, NULL, NULL, NULL, NULL, 0, NULL, NULL, 'EVI-SPAF100', 0, '48', NULL, NULL, NULL),
(1375, 58, 'PARABOLE FIBRE 123 x 127 CM', 'EVICOM', 37, NULL, NULL, 1, NULL, NULL, NULL, NULL, NULL, NULL, NULL, NULL, NULL, NULL, 0, NULL, NULL, 'EVI-SPAF120', 0, '48', NULL, NULL, NULL),
(1376, 58, 'FIXATION CABINE PM DEPORT 25 CM', 'EVICOM', 37, NULL, NULL, 1, NULL, NULL, NULL, NULL, NULL, NULL, NULL, NULL, NULL, NULL, 0, NULL, NULL, 'EVI-FCA0025', 0, '13', NULL, NULL, NULL),
(1377, 58, 'MAT EMBOITABLE DE 1.50 M DIAM 40', 'EVICOM', 37, NULL, NULL, 1, NULL, NULL, NULL, NULL, NULL, NULL, NULL, NULL, NULL, NULL, 0, NULL, NULL, 'EVI-FMA4015', 0, '13', NULL, NULL, NULL),
(1378, 58, 'BRAS DE DEPORT 50 CM DIAM 50 MURAL', 'EVICOM', 37, NULL, NULL, 1, NULL, NULL, NULL, NULL, NULL, NULL, NULL, NULL, NULL, NULL, 0, NULL, NULL, 'EVI-FDE5050', 0, '23', NULL, NULL, NULL),
(1379, 58, 'BRAS DE DEPORT DIAM 76 POUR SPAF120', 'EVICOM', 37, NULL, NULL, 1, NULL, NULL, NULL, NULL, NULL, NULL, NULL, NULL, NULL, NULL, 0, NULL, NULL, 'EVI-FDE7673', 0, '23', NULL, NULL, NULL),
(1380, 58, 'CHEVILLE FONTE 4 SEGMENTS', 'EVICOM', 37, NULL, NULL, 1, NULL, NULL, NULL, NULL, NULL, NULL, NULL, NULL, NULL, NULL, 0, NULL, NULL, 'EVI-FCH0860', 0, '13', NULL, NULL, NULL),
(1381, 58, 'REP. 2 DIR. F SPECIAL COMMUT 9', 'EVICOM', 37, NULL, NULL, 1, NULL, NULL, NULL, NULL, NULL, NULL, NULL, NULL, NULL, NULL, 0, NULL, NULL, 'EVI-AWD021', 0, '48', NULL, NULL, NULL),
(1382, 58, 'REP 2 DIR FICHE F5-2300', 'EVICOM', 37, NULL, NULL, 1, NULL, NULL, NULL, NULL, NULL, NULL, NULL, NULL, NULL, NULL, 0, NULL, NULL, 'EVI2ABS021', 0, '48', NULL, NULL, NULL),
(1383, 58, 'BOUCHON CHARGE F', 'EVICOM', 37, NULL, NULL, 1, NULL, NULL, NULL, NULL, NULL, NULL, NULL, NULL, NULL, NULL, 0, NULL, NULL, 'EVI-AF59T', 0, '13', NULL, NULL, NULL),
(1384, 58, 'FICHE F DIAM DIALEC 5MM A SERTIR', 'EVICOM', 37, NULL, NULL, 1, NULL, NULL, NULL, NULL, NULL, NULL, NULL, NULL, NULL, NULL, 0, NULL, NULL, 'EVI-AF5', 0, '13', NULL, NULL, NULL),
(1385, 58, 'MULTI 9 COAX 17 VATCA CLASSE A EN 100', 'EVICOM', 37, NULL, NULL, 100, NULL, NULL, NULL, NULL, NULL, NULL, NULL, NULL, NULL, NULL, 0, NULL, NULL, 'EVI-VMULTI9/100', 0, '28', NULL, NULL, NULL),
(1386, 58, 'DOSSIER TETE DE STATION', 'EVICOM', 37, NULL, NULL, 1, NULL, NULL, NULL, NULL, NULL, NULL, NULL, NULL, NULL, NULL, 0, NULL, NULL, 'EVI-DE/200', 0, 'NoArea', NULL, NULL, NULL),
(1387, 58, 'D.E. PRISES 1 Ã  50', 'EVICOM', 37, NULL, NULL, 1, NULL, NULL, NULL, NULL, NULL, NULL, NULL, NULL, NULL, NULL, 0, NULL, NULL, 'EVI-DE/050', 0, 'NoArea', NULL, NULL, NULL),
(1388, 58, 'D.E. PRISES 51 Ã  100', 'EVICOM', 37, NULL, NULL, 1, NULL, NULL, NULL, NULL, NULL, NULL, NULL, NULL, NULL, NULL, 0, NULL, NULL, 'EVI-DE/100', 0, 'NoArea', NULL, NULL, NULL),
(1389, 58, 'AMPLI PIED COLONNE', 'EVICOM', 37, NULL, NULL, 1, NULL, NULL, NULL, NULL, NULL, NULL, NULL, NULL, NULL, NULL, 0, NULL, NULL, 'EVI-EAL456/S', 0, '19', NULL, NULL, NULL),
(1390, 58, 'REP 4 DIRECTION', 'EVICOM', 37, NULL, NULL, 0, NULL, NULL, NULL, NULL, NULL, NULL, NULL, NULL, NULL, NULL, 0, NULL, NULL, 'EVI-AWD041', 0, 'NoArea', NULL, NULL, NULL),
(1391, 58, 'COMMUTATEUR AUTONOME 9 IN 16', 'EVICOM', 37, NULL, NULL, 1, NULL, NULL, NULL, NULL, NULL, NULL, NULL, NULL, NULL, NULL, 0, NULL, NULL, 'EVI-SCS916Z', 0, 'NoArea', NULL, NULL, NULL),
(1392, 58, 'MAT SIMPLE D40 3M', 'PRIVEL', 37, NULL, NULL, 1, NULL, NULL, NULL, NULL, NULL, NULL, NULL, NULL, NULL, NULL, 0, NULL, NULL, 'MAT0103', 0, 'NoArea', NULL, NULL, NULL),
(1393, 58, 'TMS 17AMP AMPLIFICATEUR 16 VOIES', 'TRIAX', 33, NULL, NULL, 1, NULL, NULL, NULL, NULL, NULL, NULL, NULL, NULL, NULL, NULL, 0, NULL, NULL, '301501', 0, 'NoArea', NULL, NULL, NULL),
(1394, 58, 'TDA 130 MODULE AMPLIFICATEUR DE TYPE', 'TRIAX', 33, NULL, NULL, 1, NULL, NULL, NULL, NULL, NULL, NULL, NULL, NULL, NULL, NULL, 0, NULL, NULL, '364130', 0, '19', NULL, NULL, NULL),
(1395, 58, 'F82 RACCORD DROIT METALLIQUE F', 'TRIAX', 33, NULL, NULL, 1, NULL, NULL, NULL, NULL, NULL, NULL, NULL, NULL, NULL, NULL, 0, NULL, NULL, '360902', 0, 'NoArea', NULL, NULL, NULL),
(1396, 58, 'FIXATION MURALE DEPORT 55 CM+PLAQUE', 'EVICOM', 37, NULL, NULL, 1, NULL, NULL, NULL, NULL, NULL, NULL, NULL, NULL, NULL, NULL, 0, NULL, NULL, 'EVI-FCA0055', 0, 'NoArea', NULL, NULL, NULL),
(1397, 58, 'BRAS DE FORCE POUR FCA0055', 'EVICOM', 37, NULL, NULL, 1, NULL, NULL, NULL, NULL, NULL, NULL, NULL, NULL, NULL, NULL, 0, NULL, NULL, 'EVI-FCA0055/F', 0, 'NoArea', NULL, NULL, NULL),
(1398, 58, 'MAT EMBOITABLE DE 2.00 M DIAM 50', 'EVICOM', 37, NULL, NULL, 1, NULL, NULL, NULL, NULL, NULL, NULL, NULL, NULL, NULL, NULL, 0, NULL, NULL, 'EVI-FMA5020', 0, 'NoArea', NULL, NULL, NULL),
(1399, 58, 'REPARTITEUR OPTIQUE 4 DIRECTIONS', 'EVICOM', 37, NULL, NULL, 1, NULL, NULL, NULL, NULL, NULL, NULL, NULL, NULL, NULL, NULL, 0, NULL, NULL, 'EVI-O-REP4D', 0, 'NoArea', NULL, NULL, NULL),
(1400, 58, 'REPARTITEUR OPTIQUE 2 DIRECTION', 'EVICOM', 37, NULL, NULL, 1, NULL, NULL, NULL, NULL, NULL, NULL, NULL, NULL, NULL, NULL, 0, NULL, NULL, 'EVI-O-REP2D', 0, 'NoArea', NULL, NULL, NULL),
(1401, 58, '100M DE FIBRE AVEC FICHE FC/PC', 'EVICOM', 37, NULL, NULL, 1, NULL, NULL, NULL, NULL, NULL, NULL, NULL, NULL, NULL, NULL, 0, NULL, NULL, 'EVI-O-FIB100/C', 0, 'NoArea', NULL, NULL, NULL),
(1402, 58, 'FIXATION DOUBLE TYPE CHEMINEE', 'EVICOM', 37, NULL, NULL, 1, NULL, NULL, NULL, NULL, NULL, NULL, NULL, NULL, NULL, NULL, 0, NULL, NULL, 'EVI-FCE0002', 0, 'NoArea', NULL, NULL, NULL),
(1403, 58, 'MAT EMBOITABLE DE 1.50 M DIAM 50', 'EVICOM', 37, NULL, NULL, 1, NULL, NULL, NULL, NULL, NULL, NULL, NULL, NULL, NULL, NULL, 0, NULL, NULL, 'EVI-FMA5015', 0, 'NoArea', NULL, NULL, NULL),
(1404, 58, 'FEUILLARD ACIER GALVA 25 M', 'EVICOM', 37, NULL, NULL, 1, NULL, NULL, NULL, NULL, NULL, NULL, NULL, NULL, NULL, NULL, 0, NULL, NULL, 'EVI-FFE0625', 0, '19', NULL, NULL, NULL),
(1405, 58, 'MÃ¢choires pour mÃ¢ts Ã˜ 40 Ã  90 Zinc Bleu', 'EVICOM', 37, NULL, NULL, 1, NULL, NULL, NULL, NULL, NULL, NULL, NULL, NULL, NULL, NULL, 0, NULL, NULL, 'ERA-800810', 0, 'NoArea', NULL, NULL, NULL),
(1406, 58, 'COMMUTATEUR CASCADABLE 9 IN 8 OUT', 'EVICOM', 37, NULL, NULL, 1, NULL, NULL, NULL, NULL, NULL, NULL, NULL, NULL, NULL, NULL, 0, NULL, NULL, 'EVI-SCSC9208', 0, 'NoArea', NULL, NULL, NULL),
(1407, 58, 'DENUDEUR DE CABLE V11 ET V17', 'EVICOM', 37, NULL, NULL, 1, NULL, NULL, NULL, NULL, NULL, NULL, NULL, NULL, NULL, NULL, 0, NULL, NULL, 'EVI-AHDE01', 0, 'NoArea', NULL, NULL, NULL),
(1408, 58, 'ANT SMC 100V2', 'CAHORS', 32, NULL, NULL, 1, NULL, NULL, NULL, NULL, NULL, NULL, NULL, NULL, NULL, NULL, 0, NULL, NULL, '140880', 0, '22', NULL, NULL, NULL),
(1409, 58, 'TNT 50 CX 21-60', 'CAHORS', 32, NULL, NULL, 1, NULL, NULL, NULL, NULL, NULL, NULL, NULL, NULL, NULL, NULL, 0, NULL, NULL, '144718', 0, '19', NULL, NULL, NULL),
(1410, 58, 'CAM130 PREAMPLI UHF30dB 5 a 30dB', 'CAHORS', 32, NULL, NULL, 1, NULL, NULL, NULL, NULL, NULL, NULL, NULL, NULL, NULL, NULL, 0, NULL, NULL, '0145030R13', 0, '19', NULL, NULL, NULL),
(1411, 58, 'KIT 120 MS VISIO AZ/EL', 'CAHORS', 32, NULL, NULL, 1, NULL, NULL, NULL, NULL, NULL, NULL, NULL, NULL, NULL, NULL, 0, NULL, NULL, '140851', 0, '22', NULL, NULL, NULL),
(1412, 58, 'Conv QUATTRO RE-QT40 Grise - Fixation Diam 40', 'CAHORS', 32, NULL, NULL, 1, NULL, NULL, NULL, NULL, NULL, NULL, NULL, NULL, NULL, NULL, 0, NULL, NULL, '0914801R13', 0, '22', NULL, NULL, NULL),
(1413, 58, 'Conv QUATTRO HG GT-QT40D Grise - Fixation Diam 4', 'CAHORS', 32, NULL, NULL, 1, NULL, NULL, NULL, NULL, NULL, NULL, NULL, NULL, NULL, NULL, 0, NULL, NULL, '0914802R13', 0, 'NoArea', NULL, NULL, NULL),
(1414, 58, 'VFC F SELF INSTAL COMPRE CONNECTEUR F 5.1 qtÃ©100', 'CAHORS', 32, NULL, NULL, 1, NULL, NULL, NULL, NULL, NULL, NULL, NULL, NULL, NULL, NULL, 0, NULL, NULL, '144575', 0, '19', NULL, NULL, NULL),
(1415, 58, 'SUPPORT MURAL Ã˜ 50 mm D400XH350 plaque 200X200', 'CAHORS', 32, NULL, NULL, 1, NULL, NULL, NULL, NULL, NULL, NULL, NULL, NULL, NULL, NULL, 0, NULL, NULL, '0914765R13', 0, 'NoArea', NULL, NULL, NULL),
(1416, 58, 'CAB MULTI 9x17Vatc T100', 'CAHORS', 32, NULL, NULL, 100, NULL, NULL, NULL, NULL, NULL, NULL, NULL, NULL, NULL, NULL, 0, NULL, NULL, '144564', 0, '25', NULL, NULL, NULL),
(1417, 58, '2 WAY SPLITTER 5-2400MHz', 'CAHORS', 32, NULL, NULL, 1, NULL, NULL, NULL, NULL, NULL, NULL, NULL, NULL, NULL, NULL, 0, NULL, NULL, '0144882R13', 0, '22', NULL, NULL, NULL),
(1418, 58, '3 WAY SPLITTER 5-2400MHz', 'CAHORS', 32, NULL, NULL, 1, NULL, NULL, NULL, NULL, NULL, NULL, NULL, NULL, NULL, NULL, 0, NULL, NULL, '0144883R13', 0, '19', NULL, NULL, NULL),
(1419, 58, '4 WAY SPLITTER 5-2400MHz', 'CAHORS', 32, NULL, NULL, 1, NULL, NULL, NULL, NULL, NULL, NULL, NULL, NULL, NULL, NULL, 0, NULL, NULL, '0144884R13', 0, '19', NULL, NULL, NULL),
(1420, 58, 'ROOF PALETTE MAT 50MM', 'CAHORS', 32, NULL, NULL, 1, NULL, NULL, NULL, NULL, NULL, NULL, NULL, NULL, NULL, NULL, 0, NULL, NULL, '0145092R13', 0, '33', NULL, NULL, NULL),
(1421, 58, 'ROOF PALETTE MAT 76MM', 'CAHORS', 32, NULL, NULL, 1, NULL, NULL, NULL, NULL, NULL, NULL, NULL, NULL, NULL, NULL, 0, NULL, NULL, '0145093R13', 0, 'NoArea', NULL, NULL, NULL),
(1422, 58, 'MSV 17*6C (-15)', 'CAHORS', 32, NULL, NULL, 1, NULL, NULL, NULL, NULL, NULL, NULL, NULL, NULL, NULL, NULL, 0, NULL, NULL, '0144866R13', 0, '22', NULL, NULL, NULL),
(1423, 58, 'MSV 17*10 (-15)', 'CAHORS', 32, NULL, NULL, 1, NULL, NULL, NULL, NULL, NULL, NULL, NULL, NULL, NULL, NULL, 0, NULL, NULL, '0144869R13', 0, 'NoArea', NULL, NULL, NULL),
(1424, 58, 'MSV17.6T+ALIM AL15 TERMINAL AVEC ALIM 15V', 'CAHORS', 32, NULL, NULL, 1, NULL, NULL, NULL, NULL, NULL, NULL, NULL, NULL, NULL, NULL, 0, NULL, NULL, '0145080R13', 0, '22', NULL, NULL, NULL),
(1425, 58, 'MSV17.10T+ALIM AL15 TERMINAL AVEC ALIM 15V', 'CAHORS', 32, NULL, NULL, 1, NULL, NULL, NULL, NULL, NULL, NULL, NULL, NULL, NULL, NULL, 0, NULL, NULL, '0145081R13', 0, '33', NULL, NULL, NULL),
(1426, 58, 'AMP SAT 15 DB FIX PENTE ASC 415', 'CAHORS', 32, NULL, NULL, 1, NULL, NULL, NULL, NULL, NULL, NULL, NULL, NULL, NULL, NULL, 0, NULL, NULL, '0144785R13', 0, '19', NULL, NULL, NULL),
(1427, 58, 'CA2J CORDON ALIM DOUBLE JACK 2,1 MM 1 F>2M', 'CAHORS', 32, NULL, NULL, 1, NULL, NULL, NULL, NULL, NULL, NULL, NULL, NULL, NULL, NULL, 0, NULL, NULL, '0145094R13', 0, '22', NULL, NULL, NULL);
INSERT INTO `item` (`item_id`, `item_category`, `item_name`, `brand_name`, `vendor`, `image`, `item_pdf`, `packing`, `mrp`, `discount_retailer`, `discount_wholesaler`, `discount_special_client`, `vendor_discount`, `item_description`, `vendor_special_discount_on`, `discount_contractor`, `min_stock`, `max_stock`, `current_stock`, `expired_stock`, `damaged_stock`, `reference`, `purchase_rate`, `area`, `item_status`, `vendor_special_discount`, `minimum_sell_rate`) VALUES
(1428, 58, 'VDIS ALIM ALIMENTATION VISIODISTRI', 'CAHORS', 32, NULL, NULL, 1, NULL, NULL, NULL, NULL, NULL, NULL, NULL, NULL, NULL, NULL, 0, NULL, NULL, '144424', 0, '22', NULL, NULL, NULL),
(1429, 58, 'VRE 300 REP 3 DIRECTIONS', 'CAHORS', 32, NULL, NULL, 1, NULL, NULL, NULL, NULL, NULL, NULL, NULL, NULL, NULL, NULL, 0, NULL, NULL, '144181', 0, '19', NULL, NULL, NULL),
(1430, 58, 'CAM 120 PREAMPLI UHF20DB LED-LTE4G(21-60)', 'CAHORS', 32, NULL, NULL, 1, NULL, NULL, NULL, NULL, NULL, NULL, NULL, NULL, NULL, NULL, 0, NULL, NULL, '0145029R13', 0, '19', NULL, NULL, NULL),
(1431, 58, 'AMP SAT + TERR 5-30DB', 'CAHORS', 32, NULL, NULL, 1, NULL, NULL, NULL, NULL, NULL, NULL, NULL, NULL, NULL, NULL, 0, NULL, NULL, '144767', 0, 'NoArea', NULL, NULL, NULL),
(1432, 58, 'MSV9.10T+AL15 TERMINAL AVEC ALIM 15V', 'CAHORS', 32, NULL, NULL, 1, NULL, NULL, NULL, NULL, NULL, NULL, NULL, NULL, NULL, NULL, 0, NULL, NULL, '0145073R13', 0, 'NoArea', NULL, NULL, NULL),
(1433, 58, 'KIT ANT AERYS + ALIM', 'CAHORS', 32, NULL, NULL, 1, NULL, NULL, NULL, NULL, NULL, NULL, NULL, NULL, NULL, NULL, 0, NULL, NULL, '0144997R13', 0, 'NoArea', NULL, NULL, NULL),
(1434, 58, 'SUPPORT MUR D60', 'CAHORS', 32, NULL, NULL, 1, NULL, NULL, NULL, NULL, NULL, NULL, NULL, NULL, NULL, NULL, 0, NULL, NULL, '914061', 0, '22', NULL, NULL, NULL),
(1435, 58, 'MAT EMBOITABLE D50x200M GALVANISE A CHAUD', 'CAHORS', 32, NULL, NULL, 1, NULL, NULL, NULL, NULL, NULL, NULL, NULL, NULL, NULL, NULL, 0, NULL, NULL, '144489', 0, 'NoArea', NULL, NULL, NULL),
(1436, 58, 'VFC C6 CON-COMPRESS C6', 'CAHORS', 32, NULL, NULL, 1, NULL, NULL, NULL, NULL, NULL, NULL, NULL, NULL, NULL, NULL, 0, NULL, NULL, '144342', 0, '19', NULL, NULL, NULL),
(1437, 58, 'CAB MULTI Px17PATC', 'CAHORS', 32, NULL, NULL, 1, NULL, NULL, NULL, NULL, NULL, NULL, NULL, NULL, NULL, NULL, 0, NULL, NULL, '144565', 0, 'NoArea', NULL, NULL, NULL),
(1438, 58, 'MSV9.6T+AL15 TERMINAL AVEC ALIM 15V', 'CAHORS', 32, NULL, NULL, 1, NULL, NULL, NULL, NULL, NULL, NULL, NULL, NULL, NULL, NULL, 0, NULL, NULL, '01450772R13', 0, 'NoArea', NULL, NULL, NULL),
(1439, 58, 'MSV17.10T+ALIM AL15 TERMINAL AVEC ALIM 15V', 'CAHORS', 32, NULL, NULL, 1, NULL, NULL, NULL, NULL, NULL, NULL, NULL, NULL, NULL, NULL, 0, NULL, NULL, '0145072R13', 0, 'NoArea', NULL, NULL, NULL),
(1440, 58, 'ANT SMC 70 CP UNI', 'CAHORS', 32, NULL, NULL, 1, NULL, NULL, NULL, NULL, NULL, NULL, NULL, NULL, NULL, NULL, 0, NULL, NULL, '140901', 0, 'NoArea', NULL, NULL, NULL),
(1441, 58, 'ANT TNT 18HD 18dB LTE 4G BLANCHE C21-60', 'CAHORS', 32, NULL, NULL, 1, NULL, NULL, NULL, NULL, NULL, NULL, NULL, NULL, NULL, NULL, 0, NULL, NULL, '0145053R13', 0, '19', NULL, NULL, NULL),
(1442, 58, 'KIT 2 ETRIER 4 ECROUS 2 GRIFFES', 'PRIVILEGE ESPACE', 30, NULL, NULL, 1, NULL, NULL, NULL, NULL, NULL, NULL, NULL, NULL, NULL, NULL, 0, NULL, NULL, 'KIT0009', 0, 'NoArea', NULL, NULL, NULL),
(1443, 58, 'MIX SAT/HZ', 'CAHORS', 32, NULL, NULL, 1, NULL, NULL, NULL, NULL, NULL, NULL, NULL, NULL, NULL, NULL, 0, NULL, NULL, 'CAH144360', 0, '19', NULL, NULL, NULL),
(1444, 58, 'FIX POUTRE ORIENT 0-90', 'CAHORS', 32, NULL, NULL, 1, NULL, NULL, NULL, NULL, NULL, NULL, NULL, NULL, NULL, NULL, 0, NULL, NULL, 'CAH144482', 0, 'NoArea', NULL, NULL, NULL),
(1445, 58, 'MANCHON NEOPRENE TUILE', 'CAHORS', 32, NULL, NULL, 1, NULL, NULL, NULL, NULL, NULL, NULL, NULL, NULL, NULL, NULL, 0, NULL, NULL, 'CAH144492', 0, 'NoArea', NULL, NULL, NULL),
(1446, 58, 'TUILE FAITIERE ZINC', 'CAHORS', 32, NULL, NULL, 1, NULL, NULL, NULL, NULL, NULL, NULL, NULL, NULL, NULL, NULL, 0, NULL, NULL, 'CAH144491', 0, 'NoArea', NULL, NULL, NULL),
(1447, 58, 'PIEDS TERRASSE POUR SPAF120 DIAM 76', 'EVICOM', 37, NULL, NULL, 1, NULL, NULL, NULL, NULL, NULL, NULL, NULL, NULL, NULL, NULL, 0, NULL, NULL, 'EVI-FPT7610', 0, 'NoArea', NULL, NULL, NULL),
(1448, 58, 'FIXATION POUR TERRASSE HAUTEUR 1.00M', 'EVICOM', 37, NULL, NULL, 1, NULL, NULL, NULL, NULL, NULL, NULL, NULL, NULL, NULL, NULL, 0, NULL, NULL, 'EVI-FPT5010', 0, 'NoArea', NULL, NULL, NULL),
(1449, 58, 'PTA 101 SUPPORT ALUMINIUM DIAM 50', 'TRIAX', 33, NULL, NULL, 1, NULL, NULL, NULL, NULL, NULL, NULL, NULL, NULL, NULL, NULL, 0, NULL, NULL, '217202', 0, 'NoArea', NULL, NULL, NULL),
(1450, 58, 'TME 5015 MAT EMBOITABLE EN FINITION', 'TRIAX', 33, NULL, NULL, 1, NULL, NULL, NULL, NULL, NULL, NULL, NULL, NULL, NULL, NULL, 0, NULL, NULL, '90079', 0, 'NoArea', NULL, NULL, NULL),
(1451, 58, 'D.E. PRISES 101 ET PLUS', 'EVICOM', 37, NULL, NULL, 1, NULL, NULL, NULL, NULL, NULL, NULL, NULL, NULL, NULL, NULL, 0, NULL, NULL, 'EVI-DE/999', 0, 'NoArea', NULL, NULL, NULL),
(1452, 58, 'ACM 120 ANTENNE D120+MONTURE', 'TRIAX', 33, NULL, NULL, 1, NULL, NULL, NULL, NULL, NULL, NULL, NULL, NULL, NULL, NULL, 0, NULL, NULL, '112020', 0, 'NoArea', NULL, NULL, NULL),
(1453, 58, 'PMM 571 PIED TER OU SIP MURAL ACIER GALVA D76', 'TRIAX', 33, NULL, NULL, 1, NULL, NULL, NULL, NULL, NULL, NULL, NULL, NULL, NULL, NULL, 0, NULL, NULL, '217203', 0, '55', NULL, NULL, NULL),
(1454, 58, 'TDX RACK CHASSIS IP POOL 16 ENTREES - 6 SORTIE', 'TRIAX', 33, NULL, NULL, 1, NULL, NULL, NULL, NULL, NULL, NULL, NULL, NULL, NULL, NULL, 0, NULL, NULL, '492090', 0, '14', NULL, NULL, NULL),
(1455, 58, 'DVBS/S2 TRANSMODULATEUR', 'TRIAX', 33, NULL, NULL, 1, NULL, NULL, NULL, NULL, NULL, NULL, NULL, NULL, NULL, NULL, 0, NULL, NULL, '492020', 0, '14', NULL, NULL, NULL),
(1456, 58, 'MODULATEUR DE SORTIE COFDM 4 CANAUX', 'TRIAX', 33, NULL, NULL, 1, NULL, NULL, NULL, NULL, NULL, NULL, NULL, NULL, NULL, NULL, 0, NULL, NULL, '492060', 0, '14', NULL, NULL, NULL),
(1457, 58, 'GPV950 AMPLI 5-868 MHz', 'TRIAX', 33, NULL, NULL, 1, NULL, NULL, NULL, NULL, NULL, NULL, NULL, NULL, NULL, NULL, 0, NULL, NULL, '323170', 0, 'NoArea', NULL, NULL, NULL),
(1458, 58, 'ACS 2 REPARTITEUR 2 DIR 5-860 MHz', 'TRIAX', 33, NULL, NULL, 1, NULL, NULL, NULL, NULL, NULL, NULL, NULL, NULL, NULL, NULL, 0, NULL, NULL, '343242', 0, '14', NULL, NULL, NULL),
(1459, 58, 'ACT 1-24 DERIVATEUR 1 DIR 5-860 MHZ', 'TRIAX', 33, NULL, NULL, 1, NULL, NULL, NULL, NULL, NULL, NULL, NULL, NULL, NULL, NULL, 0, NULL, NULL, '343263', 0, '12', NULL, NULL, NULL),
(1460, 58, 'ACT 2-10 DERIVATEUR 2 DIR 5-860 MHZ', 'TRIAX', 33, NULL, NULL, 0, NULL, NULL, NULL, NULL, NULL, NULL, NULL, NULL, NULL, NULL, 0, NULL, NULL, '343266', 0, 'NoArea', NULL, NULL, NULL),
(1461, 58, 'ACT 6-12 DERIVATEUR 6 DIRECTION', 'TRIAX', 33, NULL, NULL, 1, NULL, NULL, NULL, NULL, NULL, NULL, NULL, NULL, NULL, NULL, 0, NULL, NULL, '343285', 0, '14', NULL, NULL, NULL),
(1462, 58, 'ACT 6-16 DERIVATEUR 6 DIRECTION', 'TRIAX', 33, NULL, NULL, 1, NULL, NULL, NULL, NULL, NULL, NULL, NULL, NULL, NULL, NULL, 0, NULL, NULL, '343286', 0, '14', NULL, NULL, NULL),
(1463, 58, 'ACT 6-20 DERIVATEUR 6 DIR', 'TRIAX', 33, NULL, NULL, 1, NULL, NULL, NULL, NULL, NULL, NULL, NULL, NULL, NULL, NULL, 0, NULL, NULL, '343287', 0, '14', NULL, NULL, NULL),
(1464, 58, 'ACT 6-24 DERIVATEUR 6 DIRECTION', 'TRIAX', 33, NULL, NULL, 1, NULL, NULL, NULL, NULL, NULL, NULL, NULL, NULL, NULL, NULL, 0, NULL, NULL, '343288', 0, '14', NULL, NULL, NULL),
(1465, 58, 'ACB-M SUPPORT POUR D2/3 OU R3/4', 'TRIAX', 33, NULL, NULL, 1, NULL, NULL, NULL, NULL, NULL, NULL, NULL, NULL, NULL, NULL, 0, NULL, NULL, '343233', 0, 'NoArea', NULL, NULL, NULL),
(1466, 58, 'ACB-XL SUPPORT POUR D6/8 OU R6/8', 'TRIAX', 33, NULL, NULL, 1, NULL, NULL, NULL, NULL, NULL, NULL, NULL, NULL, NULL, NULL, 0, NULL, NULL, '343235', 0, '14', NULL, NULL, NULL),
(1467, 58, 'ALIMENTATION SIMPLE A DECOUPAGE', 'TRIAX', 33, NULL, NULL, 1, NULL, NULL, NULL, NULL, NULL, NULL, NULL, NULL, NULL, NULL, 0, NULL, NULL, '364027', 0, '60', NULL, NULL, NULL),
(1468, 58, 'CORDON ALIM 15V EQUIPE DE 2 FICHES', 'TRIAX', 33, NULL, NULL, 1, NULL, NULL, NULL, NULL, NULL, NULL, NULL, NULL, NULL, NULL, 0, NULL, NULL, '364021', 0, '60', NULL, NULL, NULL),
(1469, 58, '18 MULTI4*18 VATC T100M', 'TRIAX', 33, NULL, NULL, 100, NULL, NULL, NULL, NULL, NULL, NULL, NULL, NULL, NULL, NULL, 0, NULL, NULL, '731034', 0, '26', NULL, NULL, NULL),
(1470, 58, '18 VATC/TE PVC IVOIRE D6.8MM', 'TRIAX', 33, NULL, NULL, 1, NULL, NULL, NULL, NULL, NULL, NULL, NULL, NULL, NULL, NULL, 0, NULL, NULL, '731009', 0, '39', NULL, NULL, NULL),
(1471, 58, '11 VRTC/DE I2 PVC IVOIR D10.4', 'TRIAX', 33, NULL, NULL, 1, NULL, NULL, NULL, NULL, NULL, NULL, NULL, NULL, NULL, NULL, 0, NULL, NULL, '731015', 0, 'NoArea', NULL, NULL, NULL),
(1472, 58, 'FM11 CX3-10.5QM CONNECTEUR F A COMPRESSION', 'TRIAX', 33, NULL, NULL, 1, NULL, NULL, NULL, NULL, NULL, NULL, NULL, NULL, NULL, NULL, 0, NULL, NULL, '711571', 0, 'NoArea', NULL, NULL, NULL),
(1473, 58, 'PAC UNIV PINCE A COMPRESSION POUR CABLE 6.8.11', 'TRIAX', 33, NULL, NULL, 1, NULL, NULL, NULL, NULL, NULL, NULL, NULL, NULL, NULL, NULL, 0, NULL, NULL, '360920', 0, 'NoArea', NULL, NULL, NULL),
(1474, 58, 'VIP 445 ANTENNE UHF CONCEPTION TRI', 'TRIAX', 33, NULL, NULL, 1, NULL, NULL, NULL, NULL, NULL, NULL, NULL, NULL, NULL, NULL, 0, NULL, NULL, '369105', 0, 'NoArea', NULL, NULL, NULL),
(1475, 58, 'EMG 015 ETRIERS POUR FIXATION MURALE', 'TRIAX', 33, NULL, NULL, 1, NULL, NULL, NULL, NULL, NULL, NULL, NULL, NULL, NULL, NULL, 0, NULL, NULL, '222011', 0, 'NoArea', NULL, NULL, NULL),
(1476, 58, 'TME 4020 MAT EMBOITABLE EN FINITION', 'TRIAX', 33, NULL, NULL, 1, NULL, NULL, NULL, NULL, NULL, NULL, NULL, NULL, NULL, NULL, 0, NULL, NULL, '90084', 0, 'NoArea', NULL, NULL, NULL),
(1477, 58, 'DFF 112 DERIVATEUR ULB 1 DIRECTION', 'TRIAX', 33, NULL, NULL, 1, NULL, NULL, NULL, NULL, NULL, NULL, NULL, NULL, NULL, NULL, 0, NULL, NULL, '360306', 0, 'NoArea', NULL, NULL, NULL),
(1478, 58, 'SCT 1-16 TAPS 1 WAY 5-2400 MHZ', 'TRIAX', 33, NULL, NULL, 1, NULL, NULL, NULL, NULL, NULL, NULL, NULL, NULL, NULL, NULL, 0, NULL, NULL, '342116', 0, 'NoArea', NULL, NULL, NULL),
(1479, 58, 'MFA 611 DAB+UHF 1E/1S', 'TRIAX', 33, NULL, NULL, 1, NULL, NULL, NULL, NULL, NULL, NULL, NULL, NULL, NULL, NULL, 0, NULL, NULL, '340611', 0, 'NoArea', NULL, NULL, NULL),
(1480, 58, '18 PATC N1/TE NOIR 100M', 'TRIAX', 33, NULL, NULL, 1, NULL, NULL, NULL, NULL, NULL, NULL, NULL, NULL, NULL, NULL, 0, NULL, NULL, '731012', 0, 'NoArea', NULL, NULL, NULL),
(1481, 58, 'SELF INSTALL F-56 5.1', 'TRIAX', 33, NULL, NULL, 1, NULL, NULL, NULL, NULL, NULL, NULL, NULL, NULL, NULL, NULL, 0, NULL, NULL, '153264-1', 0, '14', NULL, NULL, NULL),
(1482, 58, 'F925004 LNB OPTIQUE', 'CAHORS', 33, NULL, NULL, 1, NULL, NULL, NULL, NULL, NULL, NULL, NULL, NULL, NULL, NULL, 0, NULL, NULL, '144600', 0, '19', NULL, NULL, NULL),
(1483, 58, 'F101720 KIT F IRS ODU32', 'CAHORS', 33, NULL, NULL, 0, NULL, NULL, NULL, NULL, NULL, NULL, NULL, NULL, NULL, NULL, 0, NULL, NULL, '144652', 0, 'NoArea', NULL, NULL, NULL),
(1484, 58, 'CABLE COAX CONNEC N 5M', 'CAHORS', 33, NULL, NULL, 0, NULL, NULL, NULL, NULL, NULL, NULL, NULL, NULL, NULL, NULL, 0, NULL, NULL, '0144698R13', 0, 'NoArea', NULL, NULL, NULL),
(1485, 58, 'ARMOIRE MN642-2P 06PF640001-CED', 'CAHORS', 33, NULL, NULL, 1, NULL, NULL, NULL, NULL, NULL, NULL, NULL, NULL, NULL, NULL, 0, NULL, NULL, '0145204R13', 0, 'NoArea', NULL, NULL, NULL),
(1486, 58, 'F700245 FIBRE 30M FC/PC', 'CAHORS', 33, NULL, NULL, 1, NULL, NULL, NULL, NULL, NULL, NULL, NULL, NULL, NULL, NULL, 0, NULL, NULL, '144620', 0, '19', NULL, NULL, NULL),
(1487, 58, 'ROPT 2 VOIES FC/PC FEM', 'CAHORS', 33, NULL, NULL, 1, NULL, NULL, NULL, NULL, NULL, NULL, NULL, NULL, NULL, NULL, 0, NULL, NULL, '144640', 0, '19', NULL, NULL, NULL),
(1488, 58, 'F700249 FIBRE 3M FC/PC', 'CAHORS', 33, NULL, NULL, 0, NULL, NULL, NULL, NULL, NULL, NULL, NULL, NULL, NULL, NULL, 0, NULL, NULL, '144615', 0, 'NoArea', NULL, NULL, NULL),
(1489, 58, 'VIRT QUATTRO MK3', 'CAHORS', 33, NULL, NULL, 1, NULL, NULL, NULL, NULL, NULL, NULL, NULL, NULL, NULL, NULL, 0, NULL, NULL, '0144919R13', 0, '19', NULL, NULL, NULL),
(1490, 58, 'CAC140Amp40dB+pente15dB 121dBÂµV-VRpassive5-65Mh', 'CAHORS', 33, NULL, NULL, 1, NULL, NULL, NULL, NULL, NULL, NULL, NULL, NULL, NULL, NULL, 0, NULL, NULL, '0145040R13', 0, '19', NULL, NULL, NULL),
(1491, 58, 'RC408 Rep SAT 4E/8S 2Xpassagecc-4dB', 'CAHORS', 33, NULL, NULL, 1, NULL, NULL, NULL, NULL, NULL, NULL, NULL, NULL, NULL, NULL, 0, NULL, NULL, '0145063R13', 0, '22', NULL, NULL, NULL),
(1492, 58, 'MSV 17*6C (-10)', 'CAHORS', 33, NULL, NULL, 1, NULL, NULL, NULL, NULL, NULL, NULL, NULL, NULL, NULL, NULL, 0, NULL, NULL, '0144865R13', 0, '19', NULL, NULL, NULL),
(1493, 58, 'F771022 FO INTEXT 100MX2', 'CAHORS', 33, NULL, NULL, 1, NULL, NULL, NULL, NULL, NULL, NULL, NULL, NULL, NULL, NULL, 0, NULL, NULL, '144671', 0, 'NoArea', NULL, NULL, NULL),
(1494, 58, 'MAT EMBOITABLE Ã˜50x1500m GalvanisÃ© Ã  chaud', 'CAHORS', 33, NULL, NULL, 1, NULL, NULL, NULL, NULL, NULL, NULL, NULL, NULL, NULL, NULL, 0, NULL, NULL, '144488', 0, '33', NULL, NULL, NULL),
(1495, 58, 'MN 432/3P MINIPOL H400XL300XP200', 'CAHORS', 33, NULL, NULL, 0, NULL, NULL, NULL, NULL, NULL, NULL, NULL, NULL, NULL, NULL, 0, NULL, NULL, '06PF430002', 0, 'NoArea', NULL, NULL, NULL),
(1496, 58, 'MN PBR43 PLAQUE METAL PERFOREE', 'CAHORS', 33, NULL, NULL, 0, NULL, NULL, NULL, NULL, NULL, NULL, NULL, NULL, NULL, NULL, 0, NULL, NULL, '06PFPF0002', 0, 'NoArea', NULL, NULL, NULL),
(1497, 58, 'MN CLL SERRURE A CLE', 'CAHORS', 33, NULL, NULL, 0, NULL, NULL, NULL, NULL, NULL, NULL, NULL, NULL, NULL, NULL, 0, NULL, NULL, '06PFCR0003', 0, 'NoArea', NULL, NULL, NULL),
(1498, 58, 'DVG DISP. VENTILATION GRAND', 'CAHORS', 33, NULL, NULL, 1, NULL, NULL, NULL, NULL, NULL, NULL, NULL, NULL, NULL, NULL, 0, NULL, NULL, '06PEAD0002', 0, 'NoArea', NULL, NULL, NULL),
(1499, 58, 'DIGI 14 LTE 800 CH 21-60', 'TRIAX', 33, NULL, NULL, 1, NULL, NULL, NULL, NULL, NULL, NULL, NULL, NULL, NULL, NULL, 0, NULL, NULL, '105420', 0, 'NoArea', NULL, NULL, NULL),
(1500, 58, 'SMG 100 SUPPORT DE MAT', 'TRIAX', 33, NULL, NULL, 1, NULL, NULL, NULL, NULL, NULL, NULL, NULL, NULL, NULL, NULL, 0, NULL, NULL, '363207', 0, 'NoArea', NULL, NULL, NULL),
(1501, 58, 'COH 40 COLLERETTE D\'HAUBANAGE', 'TRIAX', 33, NULL, NULL, 1, NULL, NULL, NULL, NULL, NULL, NULL, NULL, NULL, NULL, NULL, 0, NULL, NULL, '90092', 0, 'NoArea', NULL, NULL, NULL),
(1502, 58, 'CTF COLLIER TIRE FOND', 'TRIAX', 33, NULL, NULL, 1, NULL, NULL, NULL, NULL, NULL, NULL, NULL, NULL, NULL, NULL, 0, NULL, NULL, '90096', 0, 'NoArea', NULL, NULL, NULL),
(1503, 58, 'CHP2 CABLE D\'HAUBANAGE MULTIBRIN', 'TRIAX', 33, NULL, NULL, 0, NULL, NULL, NULL, NULL, NULL, NULL, NULL, NULL, NULL, NULL, 0, NULL, NULL, '90832', 0, 'NoArea', NULL, NULL, NULL),
(1504, 58, 'CHM004 COLLIER DE SERRAGE POUR CABLE', 'TRIAX', 33, NULL, NULL, 50, NULL, NULL, NULL, NULL, NULL, NULL, NULL, NULL, NULL, NULL, 0, NULL, NULL, '222006', 0, 'NoArea', NULL, NULL, NULL),
(1505, 58, 'CPC004 COSSE COEUR PROTEGE CABLE', 'TRIAX', 33, NULL, NULL, 1, NULL, NULL, NULL, NULL, NULL, NULL, NULL, NULL, NULL, NULL, 0, NULL, NULL, '222004', 0, 'NoArea', NULL, NULL, NULL),
(1506, 58, 'DERIVATEUR 4 DIRECTION 5-860 MHz 12 dB', 'TRIAX', 33, NULL, NULL, 1, NULL, NULL, NULL, NULL, NULL, NULL, NULL, NULL, NULL, NULL, 0, NULL, NULL, '343280', 0, '14', NULL, NULL, NULL),
(1507, 58, 'DERIVATEUR 4 DIRECTION 5-860 MHz 16 dB', 'TRIAX', 33, NULL, NULL, 1, NULL, NULL, NULL, NULL, NULL, NULL, NULL, NULL, NULL, NULL, 0, NULL, NULL, '343281', 0, 'NoArea', NULL, NULL, NULL),
(1508, 58, 'DERIVATEUR 4 DIRECTION 5-860 MHz 20 dB', 'TRIAX', 33, NULL, NULL, 1, NULL, NULL, NULL, NULL, NULL, NULL, NULL, NULL, NULL, NULL, 0, NULL, NULL, '343282', 0, '14', NULL, NULL, NULL),
(1509, 58, 'SUPPORT POUR D4', 'TRIAX', 33, NULL, NULL, 1, NULL, NULL, NULL, NULL, NULL, NULL, NULL, NULL, NULL, NULL, 0, NULL, NULL, '343234', 0, '14', NULL, NULL, NULL),
(1510, 58, 'IECF Ff Raccord F femelle / 9,52 mm', 'TRIAX', 33, NULL, NULL, 1, NULL, NULL, NULL, NULL, NULL, NULL, NULL, NULL, NULL, NULL, 0, NULL, NULL, '360404', 0, 'NoArea', NULL, NULL, NULL),
(1511, 58, 'JOK 750 DÃ©nudeur universel pour coax', 'TRIAX', 33, NULL, NULL, 1, NULL, NULL, NULL, NULL, NULL, NULL, NULL, NULL, NULL, NULL, 0, NULL, NULL, '90750', 0, 'NoArea', NULL, NULL, NULL),
(1512, 58, '6 WAY SPLITTER 5-2400 MHz', 'CAHORS', 33, NULL, NULL, 1, NULL, NULL, NULL, NULL, NULL, NULL, NULL, NULL, NULL, NULL, 0, NULL, NULL, '0144885R13', 0, '22', NULL, NULL, NULL),
(1513, 58, 'MSV17.6C 20dB 17E/6S', 'CAHORS', 33, NULL, NULL, 1, NULL, NULL, NULL, NULL, NULL, NULL, NULL, NULL, NULL, NULL, 0, NULL, NULL, '0145076R13', 0, 'NoArea', NULL, NULL, NULL),
(1514, 58, 'DERIVATEUR 4 DIRECTION 5-860 MHz 20 dB', 'TRIAX', 33, NULL, NULL, 1, NULL, NULL, NULL, NULL, NULL, NULL, NULL, NULL, NULL, NULL, 0, NULL, NULL, '343283', 0, '19', NULL, NULL, NULL),
(1515, 58, 'TMS 1520-55 ALIMENTATION DECOUPAGE 15Vcc 2A', 'TRIAX', 33, NULL, NULL, 1, NULL, NULL, NULL, NULL, NULL, NULL, NULL, NULL, NULL, NULL, 0, NULL, NULL, '318150', 0, '14', NULL, NULL, NULL),
(1516, 58, 'TMS916 CE P COM CASCAD 8BIS+TER 16S', 'TRIAX', 33, NULL, NULL, 1, NULL, NULL, NULL, NULL, NULL, NULL, NULL, NULL, NULL, NULL, 0, NULL, NULL, '318232', 0, 'NoArea', NULL, NULL, NULL),
(1517, 58, 'TMS924 CE P COM CASCAD 8BIS+TER 24S', 'TRIAX', 33, NULL, NULL, 1, NULL, NULL, NULL, NULL, NULL, NULL, NULL, NULL, NULL, NULL, 0, NULL, NULL, '318242', 0, 'NoArea', NULL, NULL, NULL),
(1518, 58, 'DERIVATEUR 8D 18 DB', 'CAHORS', 33, NULL, NULL, 1, NULL, NULL, NULL, NULL, NULL, NULL, NULL, NULL, NULL, NULL, 0, NULL, NULL, 'VIS0144203', 0, 'NoArea', NULL, NULL, NULL),
(1519, 58, 'DC444 DER SAT 4E/4P/4S PASSAGE 1 DNCC/DER-12DB', 'CAHORS', 33, NULL, NULL, 1, NULL, NULL, NULL, NULL, NULL, NULL, NULL, NULL, NULL, NULL, 0, NULL, NULL, '0145064R13', 0, '22', NULL, NULL, NULL),
(1520, 58, 'CFU2160E UHF 21 A 60 EXT REJECTION VHF+LTE 4G', 'CAHORS', 33, NULL, NULL, 1, NULL, NULL, NULL, NULL, NULL, NULL, NULL, NULL, NULL, NULL, 0, NULL, NULL, '0145034R13', 0, '22', NULL, NULL, NULL),
(1521, 58, 'VDE 210 DERI 2 VOIES 10D B', 'CAHORS', 33, NULL, NULL, 1, NULL, NULL, NULL, NULL, NULL, NULL, NULL, NULL, NULL, NULL, 0, NULL, NULL, '144190', 0, 'NoArea', NULL, NULL, NULL),
(1522, 58, 'VRE 400 REP 4 DIRECTIONS', 'CAHORS', 33, NULL, NULL, 1, NULL, NULL, NULL, NULL, NULL, NULL, NULL, NULL, NULL, NULL, 0, NULL, NULL, '144182', 0, 'NoArea', NULL, NULL, NULL),
(1523, 58, 'MSV17.16C-17DB 17E/16S', 'CAHORS', 33, NULL, NULL, 1, NULL, NULL, NULL, NULL, NULL, NULL, NULL, NULL, NULL, NULL, 0, NULL, NULL, '0145079R13', 0, '22', NULL, NULL, NULL),
(1524, 58, 'MSV17.16C-12DB 17E/16S', 'CAHORS', 33, NULL, NULL, 1, NULL, NULL, NULL, NULL, NULL, NULL, NULL, NULL, NULL, NULL, 0, NULL, NULL, '0145078R13', 0, '22', NULL, NULL, NULL),
(1525, 58, 'MSV17.16T + ALIM 15V TERMINAL AVEC ALIM 15V', 'CAHORS', 33, NULL, NULL, 1, NULL, NULL, NULL, NULL, NULL, NULL, NULL, NULL, NULL, NULL, 0, NULL, NULL, '0145082R13', 0, '22', NULL, NULL, NULL),
(1526, 58, 'MSV17.10C-20DB 17E/10S', 'CAHORS', 33, NULL, NULL, 1, NULL, NULL, NULL, NULL, NULL, NULL, NULL, NULL, NULL, NULL, 0, NULL, NULL, '0145077R13', 0, 'NoArea', NULL, NULL, NULL),
(1527, 58, 'CABLE MULTI 5X17PATC', 'CAHORS', 33, NULL, NULL, 1, NULL, NULL, NULL, NULL, NULL, NULL, NULL, NULL, NULL, NULL, 0, NULL, NULL, '144588', 0, '26', NULL, NULL, NULL),
(1528, 58, 'PTO 4FO 1/2 PRECO 100 ROLLER CABLE UMODULE', 'CAHORS', 33, NULL, NULL, 100, NULL, NULL, NULL, NULL, NULL, NULL, NULL, NULL, NULL, NULL, 0, NULL, NULL, '0980321R13', 0, 'NoArea', NULL, NULL, NULL),
(1529, 58, 'CABLE DROP 4 FO INT - BOBINE DE 500M PRIX AU METRE', 'CAHORS', 33, NULL, NULL, 500, NULL, NULL, NULL, NULL, NULL, NULL, NULL, NULL, NULL, NULL, 0, NULL, NULL, '0980432R13', 0, 'NoArea', NULL, NULL, NULL),
(1530, 58, 'PTO 4 RACCORDS + PIGTAILS', 'CAHORS', 33, NULL, NULL, 1, NULL, NULL, NULL, NULL, NULL, NULL, NULL, NULL, NULL, NULL, 0, NULL, NULL, '0980304R13', 0, 'NoArea', NULL, NULL, NULL),
(1531, 58, 'SCT 6-24', 'TRIAX', 33, NULL, NULL, 1, NULL, NULL, NULL, NULL, NULL, NULL, NULL, NULL, NULL, NULL, 0, NULL, NULL, '342624', 0, '19', NULL, NULL, NULL),
(1532, 58, 'SCT 6-16 TAPS 6 WAY 5-2400MHz', 'TRIAX', 33, NULL, NULL, 1, NULL, NULL, NULL, NULL, NULL, NULL, NULL, NULL, NULL, NULL, 0, NULL, NULL, '342616', 0, '19', NULL, NULL, NULL),
(1533, 58, 'CABLE 4FO 40M', 'CAHORS', 33, NULL, NULL, 40, NULL, NULL, NULL, NULL, NULL, NULL, NULL, NULL, NULL, NULL, 0, NULL, NULL, '0980386R13', 0, 'NoArea', NULL, NULL, NULL),
(1534, 58, 'PBO 32 EPISSURE (4X8)', 'CAHORS', 33, NULL, NULL, 1, NULL, NULL, NULL, NULL, NULL, NULL, NULL, NULL, NULL, NULL, 0, NULL, NULL, '0980322R13', 0, 'NoArea', NULL, NULL, NULL),
(1535, 58, 'ARIMAGE INTEGRE PBPO', 'EPCF', 33, NULL, NULL, 1, NULL, NULL, NULL, NULL, NULL, NULL, NULL, NULL, NULL, NULL, 0, NULL, NULL, 'AR00227', 0, 'NoArea', NULL, NULL, NULL),
(1536, 58, '12 FUSION TE 1 PAS E', 'EPCF', 33, NULL, NULL, 1, NULL, NULL, NULL, NULL, NULL, NULL, NULL, NULL, NULL, NULL, 0, NULL, NULL, 'AR00228', 0, 'NoArea', NULL, NULL, NULL),
(1537, 58, 'DTIO/PTO 4 SC/APC-40M AVEC CABLE ABONNE G657', 'EPCF', 33, NULL, NULL, 1, NULL, NULL, NULL, NULL, NULL, NULL, NULL, NULL, NULL, NULL, 0, NULL, NULL, 'AR00229', 0, 'NoArea', NULL, NULL, NULL),
(1538, 58, 'CABLE DE ROCADE 96FOG65796FO', 'EPCF', 33, NULL, NULL, 1, NULL, NULL, NULL, NULL, NULL, NULL, NULL, NULL, NULL, NULL, 0, NULL, NULL, 'AR00230', 0, 'NoArea', NULL, NULL, NULL),
(1539, 58, 'F81 TRANSITION F/F FEM', 'CAHORS', 33, NULL, NULL, 1, NULL, NULL, NULL, NULL, NULL, NULL, NULL, NULL, NULL, NULL, 0, NULL, NULL, 'CAH144247', 0, '14', NULL, NULL, NULL),
(1540, 58, 'CHARGE 75 OHMS VSE 075 F', 'CAHORS', 33, NULL, NULL, 1, NULL, NULL, NULL, NULL, NULL, NULL, NULL, NULL, NULL, NULL, 0, NULL, NULL, 'CAH144077', 0, '14', NULL, NULL, NULL),
(1541, 58, 'LNB Sortie 950-5450MHz', 'PRIVEL', 33, NULL, NULL, 1, NULL, NULL, NULL, NULL, NULL, NULL, NULL, NULL, NULL, NULL, 0, NULL, NULL, 'LNB0301', 0, 'NoArea', NULL, NULL, NULL),
(1542, 58, 'Rack 10 + Alim + Prog Rack + Alim 5 Modules', 'CAHORS', 33, NULL, NULL, 1, NULL, NULL, NULL, NULL, NULL, NULL, NULL, NULL, NULL, NULL, 0, NULL, NULL, '0145130R13', 0, '22', NULL, NULL, NULL),
(1543, 58, 'Module RX-2SAT RÃ©cepteur 2 entrÃ©es SAT', 'CAHORS', 33, NULL, NULL, 1, NULL, NULL, NULL, NULL, NULL, NULL, NULL, NULL, NULL, NULL, 0, NULL, NULL, '0145119R13', 0, '22', NULL, NULL, NULL),
(1544, 58, 'Module M-3DVBT/C Modulateur 3 canaux', 'CAHORS', 33, NULL, NULL, 1, NULL, NULL, NULL, NULL, NULL, NULL, NULL, NULL, NULL, NULL, 0, NULL, NULL, '0145127R13', 0, '22', NULL, NULL, NULL),
(1545, 58, 'ANT TNT 18HD 18dB LTE 4G BLANCHE C21-60', 'CAHORS', 33, NULL, NULL, 1, NULL, NULL, NULL, NULL, NULL, NULL, NULL, NULL, NULL, NULL, 0, NULL, NULL, '0145054R13', 0, '22', NULL, NULL, NULL),
(1546, 58, 'CAM126 PrÃ©ampli UHF 6 Ã  26dB', 'CAHORS', 33, NULL, NULL, 1, NULL, NULL, NULL, NULL, NULL, NULL, NULL, NULL, NULL, NULL, 0, NULL, NULL, '0145153R13', 0, '22', NULL, NULL, NULL),
(1547, 58, 'CRJ60E UHF 21 Ã  60 Ext Rejection LTE 4G', 'CAHORS', 33, NULL, NULL, 1, NULL, NULL, NULL, NULL, NULL, NULL, NULL, NULL, NULL, NULL, 0, NULL, NULL, '0145049R13', 0, '22', NULL, NULL, NULL),
(1548, 58, 'MSV17.10C-20DB 17E/10S', 'CAHORS', 33, NULL, NULL, 1, NULL, NULL, NULL, NULL, NULL, NULL, NULL, NULL, NULL, NULL, 0, NULL, NULL, '0145077R12', 0, '22', NULL, NULL, NULL),
(1549, 58, 'SUP MURAL 76', 'CAHORS', 33, NULL, NULL, 1, NULL, NULL, NULL, NULL, NULL, NULL, NULL, NULL, NULL, NULL, 0, NULL, NULL, '144332', 0, '22', NULL, NULL, NULL),
(1550, 58, 'KIT HZ TNT17+VKA+5CON F', 'CAHORS', 33, NULL, NULL, 1, NULL, NULL, NULL, NULL, NULL, NULL, NULL, NULL, NULL, NULL, 0, NULL, NULL, '144459', 0, 'NoArea', NULL, NULL, NULL),
(1551, 58, 'VRE 200 REP 2 DIRECTIONS', 'CAHORS', 33, NULL, NULL, 1, NULL, NULL, NULL, NULL, NULL, NULL, NULL, NULL, NULL, NULL, 0, NULL, NULL, '144180', 0, 'NoArea', NULL, NULL, NULL),
(1552, 58, 'FMC 01 ANTENNE FM C', 'CAHORS', 33, NULL, NULL, 1, NULL, NULL, NULL, NULL, NULL, NULL, NULL, NULL, NULL, NULL, 0, NULL, NULL, '0145183R13', 0, '22', NULL, NULL, NULL),
(1553, 58, 'CAP458 AMPLI FILTRE PROG AMP 8 FILTRE + eco', 'CAHORS', 33, NULL, NULL, 1, NULL, NULL, NULL, NULL, NULL, NULL, NULL, NULL, NULL, NULL, 0, NULL, NULL, '0145214R13', 0, 'NoArea', NULL, NULL, NULL),
(1554, 58, 'VDE 425 DERI 4 VOIES 25 DB', 'CAHORS', 33, NULL, NULL, 1, NULL, NULL, NULL, NULL, NULL, NULL, NULL, NULL, NULL, NULL, 0, NULL, NULL, '144199', 0, 'NoArea', NULL, NULL, NULL),
(1555, 58, 'VDE 415 DERI 4 VOIES 15D B', 'CAHORS', 33, NULL, NULL, 1, NULL, NULL, NULL, NULL, NULL, NULL, NULL, NULL, NULL, NULL, 0, NULL, NULL, '144197', 0, 'NoArea', NULL, NULL, NULL),
(1556, 58, 'VDE 412 DERI 4S - 12DB', 'CAHORS', 33, NULL, NULL, 1, NULL, NULL, NULL, NULL, NULL, NULL, NULL, NULL, NULL, NULL, 0, NULL, NULL, '144196', 0, 'NoArea', NULL, NULL, NULL),
(1557, 58, 'MODULE RX-3SAT RECEPTEUR 3 ENTREES SAT', 'CAHORS', 33, NULL, NULL, 1, NULL, NULL, NULL, NULL, NULL, NULL, NULL, NULL, NULL, NULL, 0, NULL, NULL, '0145120R13', 0, 'NoArea', NULL, NULL, NULL),
(1558, 58, 'REPARTITEUR 8 VOIES TERRESTRE', 'TRIAX', 33, NULL, NULL, 1, NULL, NULL, NULL, NULL, NULL, NULL, NULL, NULL, NULL, NULL, 0, NULL, NULL, '343248', 0, 'NoArea', NULL, NULL, NULL),
(1559, 58, 'CHASSIS 6 MODULES TWIN + TAS230 + ALIMENTATION', 'TRIAX', 33, NULL, NULL, 1, NULL, NULL, NULL, NULL, NULL, NULL, NULL, NULL, NULL, NULL, 0, NULL, NULL, '360122', 0, 'NoArea', NULL, NULL, NULL),
(1560, 58, 'ALIMENTATION A DECOUPAGE 70W - 6 MODULES MABLR', 'TRIAX', 33, NULL, NULL, 1, NULL, NULL, NULL, NULL, NULL, NULL, NULL, NULL, NULL, NULL, 0, NULL, NULL, '324901', 0, '14', NULL, NULL, NULL),
(1561, 58, 'CLAVIER DE PROGRAMMATION', 'TRIAX', 33, NULL, NULL, 1, NULL, NULL, NULL, NULL, NULL, NULL, NULL, NULL, NULL, NULL, 0, NULL, NULL, '360121', 0, 'NoArea', NULL, NULL, NULL),
(1562, 58, 'AMPLIFICATEUR MONOCAL TWIN 8Mhz', 'TRIAX', 33, NULL, NULL, 1, NULL, NULL, NULL, NULL, NULL, NULL, NULL, NULL, NULL, NULL, 0, NULL, NULL, '360120', 0, '14', NULL, NULL, NULL),
(1563, 58, 'COM CASCAD 12BIS+TER 16S', 'TRIAX', 33, NULL, NULL, 1, NULL, NULL, NULL, NULL, NULL, NULL, NULL, NULL, NULL, NULL, 0, NULL, NULL, '318326', 0, 'NoArea', NULL, NULL, NULL),
(1564, 58, 'FMC001 Forfait montage et configuration', 'TRIAX', 33, NULL, NULL, 1, NULL, NULL, NULL, NULL, NULL, NULL, NULL, NULL, NULL, NULL, 0, NULL, NULL, '369997', 0, 'NoArea', NULL, NULL, NULL),
(1565, 58, 'CAP556 PROGRAMME PARIS AMPLI 6 FILTRES 55Db', 'CAHORS', 32, NULL, NULL, 1, NULL, NULL, NULL, NULL, NULL, NULL, NULL, NULL, NULL, NULL, 0, NULL, NULL, '0145135R13', 0, '22', NULL, NULL, NULL),
(1566, 58, 'PIED TER 76', 'CAHORS', 32, NULL, NULL, 1, NULL, NULL, NULL, NULL, NULL, NULL, NULL, NULL, NULL, NULL, 0, NULL, NULL, '144331', 0, '49', NULL, NULL, NULL),
(1567, 58, 'MSV17.20T+ALIM15 TERMINAL AVEC ALIM 15V', 'CAHORS', 32, NULL, NULL, 1, NULL, NULL, NULL, NULL, NULL, NULL, NULL, NULL, NULL, NULL, 0, NULL, NULL, '145083R13', 0, 'NoArea', NULL, NULL, NULL),
(1568, 58, 'FIX UNIVERS 40 ET 50', 'CAHORS', 32, NULL, NULL, 1, NULL, NULL, NULL, NULL, NULL, NULL, NULL, NULL, NULL, NULL, 0, NULL, NULL, '144481', 0, 'NoArea', NULL, NULL, NULL);

-- --------------------------------------------------------

--
-- Table structure for table `item_category`
--

CREATE TABLE `item_category` (
  `item_category_id` int(11) NOT NULL,
  `title` varchar(64) DEFAULT NULL,
  `category_discount` int(11) DEFAULT NULL
) ENGINE=InnoDB DEFAULT CHARSET=latin1;

--
-- Dumping data for table `item_category`
--

INSERT INTO `item_category` (`item_category_id`, `title`, `category_discount`) VALUES
(56, 'appraliage', NULL),
(57, 'Alarme Incendie', NULL),
(58, 'Antenne et Parabole', NULL);

-- --------------------------------------------------------

--
-- Table structure for table `message`
--

CREATE TABLE `message` (
  `message_id` int(11) NOT NULL,
  `subject` text,
  `body` text,
  `receiver` int(11) DEFAULT NULL,
  `status` int(11) DEFAULT NULL,
  `sent_date` datetime DEFAULT NULL,
  `read_date` datetime DEFAULT NULL,
  `sender` int(11) DEFAULT NULL,
  `attachment` text
) ENGINE=InnoDB DEFAULT CHARSET=latin1;

--
-- Dumping data for table `message`
--

INSERT INTO `message` (`message_id`, `subject`, `body`, `receiver`, `status`, `sent_date`, `read_date`, `sender`, `attachment`) VALUES
(92, ' ', '', 1, 0, '2017-12-18 11:12:09', NULL, 2, '[\"1513575729-2345.docx\",\"1513575729-1008.docx\"]'),
(93, ' ', '', 2, 1, '2017-12-18 11:12:09', NULL, 2, '[\"1513575729-2345.docx\",\"1513575729-1008.docx\"]'),
(94, 'sssdsd ', '', 1, 0, '2017-12-18 11:12:59', NULL, 2, '[\"1513575779-4207.docx\"]'),
(95, '2e22 ', '22223', 2, 1, '2017-12-18 11:13:17', NULL, 2, '[\"1513575797-9848.docx\"]'),
(96, '21121 ', '', 2, 1, '2017-12-18 11:22:20', NULL, 2, '[\"1513576340-9020.xlsx\",\"1513576340-5351.docx\",\"1513576340-4647.docx\"]'),
(97, ' ', '', 2, 1, '2017-12-18 11:31:10', NULL, 2, '[]'),
(98, 'qwrqwrwqr ', 'sdffeefewfwf', 2, 1, '2017-12-18 11:47:02', NULL, 2, '[\"1513577822-7684.docx\"]'),
(99, 'Test Message ', 'This is a test message', 2, 0, '2017-12-18 12:31:45', NULL, 2, '[\"1513580505-9248.docx\"]'),
(100, 'Test Message ', 'This is a test message', 3, 1, '2017-12-18 12:31:45', NULL, 2, '[\"1513580505-9248.docx\"]'),
(101, 'Test Message ', 'This is a test message', 4, 0, '2017-12-18 12:31:45', NULL, 2, '[\"1513580505-9248.docx\"]'),
(102, 'Test Message ', 'This is a test message', 5, 0, '2017-12-18 12:31:45', NULL, 2, '[\"1513580505-9248.docx\"]'),
(103, 'Test Message ', 'This is a test message', 6, 0, '2017-12-18 12:31:45', NULL, 2, '[\"1513580505-9248.docx\"]'),
(104, 'Test Message ', 'This is a test message', 7, 0, '2017-12-18 12:31:45', NULL, 2, '[\"1513580505-9248.docx\"]'),
(105, 'Test Message ', 'This is a test message', 8, 1, '2017-12-18 12:31:45', NULL, 2, '[\"1513580505-9248.docx\"]'),
(106, 'Test message ', 'Test message from accountant\r\n', 1, 0, '2017-12-18 12:39:52', NULL, 3, '[\"1513580992-1230.docx\"]'),
(107, 'Test message ', 'Test message from accountant\r\n', 2, 1, '2017-12-18 12:39:52', NULL, 3, '[\"1513580992-1230.docx\"]'),
(108, 'Test message ', 'Test message from accountant\r\n', 3, 0, '2017-12-18 12:39:52', NULL, 3, '[\"1513580992-1230.docx\"]'),
(109, 'Test message ', 'Test message from accountant\r\n', 4, 1, '2017-12-18 12:39:52', NULL, 3, '[\"1513580992-1230.docx\"]'),
(110, 'Test message ', 'Test message from accountant\r\n', 5, 1, '2017-12-18 12:39:52', NULL, 3, '[\"1513580992-1230.docx\"]'),
(111, 'Test message ', 'Test message from accountant\r\n', 6, 1, '2017-12-18 12:39:52', NULL, 3, '[\"1513580992-1230.docx\"]'),
(112, 'Test message ', 'Test message from accountant\r\n', 7, 0, '2017-12-18 12:39:52', NULL, 3, '[\"1513580992-1230.docx\"]'),
(113, 'Test message ', 'Test message from accountant\r\n', 8, 0, '2017-12-18 12:39:52', NULL, 3, '[\"1513580992-1230.docx\"]'),
(114, 'Test Message ', 'test message from purchaser', 1, 0, '2017-12-18 12:41:10', NULL, 4, '[\"1513581070-6927.jpg\"]'),
(115, 'Test Message ', 'test message from purchaser', 2, 1, '2017-12-18 12:41:10', NULL, 4, '[\"1513581070-6927.jpg\"]'),
(116, 'Test Message ', 'test message from purchaser', 3, 0, '2017-12-18 12:41:10', NULL, 4, '[\"1513581070-6927.jpg\"]'),
(117, 'Test Message ', 'test message from purchaser', 4, 0, '2017-12-18 12:41:10', NULL, 4, '[\"1513581070-6927.jpg\"]'),
(118, 'Test Message ', 'test message from purchaser', 5, 1, '2017-12-18 12:41:10', NULL, 4, '[\"1513581070-6927.jpg\"]'),
(119, 'Test Message ', 'test message from purchaser', 6, 0, '2017-12-18 12:41:10', NULL, 4, '[\"1513581070-6927.jpg\"]'),
(120, 'Test Message ', 'test message from purchaser', 7, 1, '2017-12-18 12:41:10', NULL, 4, '[\"1513581070-6927.jpg\"]'),
(121, 'Test Message ', 'test message from purchaser', 8, 0, '2017-12-18 12:41:10', NULL, 4, '[\"1513581070-6927.jpg\"]'),
(122, 'Test Message ', 'Test message form sales admin', 1, 0, '2017-12-18 12:42:33', NULL, 5, '[\"1513581153-7288.pptx\",\"1513581153-2580.png\"]'),
(123, 'Test Message ', 'Test message form sales admin', 2, 0, '2017-12-18 12:42:33', NULL, 5, '[\"1513581153-7288.pptx\",\"1513581153-2580.png\"]'),
(124, 'Test Message ', 'Test message form sales admin', 3, 0, '2017-12-18 12:42:33', NULL, 5, '[\"1513581153-7288.pptx\",\"1513581153-2580.png\"]'),
(125, 'Test Message ', 'Test message form sales admin', 4, 0, '2017-12-18 12:42:33', NULL, 5, '[\"1513581153-7288.pptx\",\"1513581153-2580.png\"]'),
(126, 'Test Message ', 'Test message form sales admin', 5, 0, '2017-12-18 12:42:33', NULL, 5, '[\"1513581153-7288.pptx\",\"1513581153-2580.png\"]'),
(127, 'Test Message ', 'Test message form sales admin', 6, 0, '2017-12-18 12:42:33', NULL, 5, '[\"1513581153-7288.pptx\",\"1513581153-2580.png\"]'),
(128, 'Test Message ', 'Test message form sales admin', 7, 0, '2017-12-18 12:42:33', NULL, 5, '[\"1513581153-7288.pptx\",\"1513581153-2580.png\"]'),
(129, 'Test Message ', 'Test message form sales admin', 8, 0, '2017-12-18 12:42:33', NULL, 5, '[\"1513581153-7288.pptx\",\"1513581153-2580.png\"]'),
(130, 'Test message ', 'Test Message from sales agent', 1, 0, '2017-12-18 12:43:48', NULL, 6, '[\"1513581228-1774.doc\"]'),
(131, 'Test message ', 'Test Message from sales agent', 2, 1, '2017-12-18 12:43:48', NULL, 6, '[\"1513581228-1774.doc\"]'),
(132, 'Test message ', 'Test Message from sales agent', 3, 0, '2017-12-18 12:43:48', NULL, 6, '[\"1513581228-1774.doc\"]'),
(133, 'Test message ', 'Test Message from sales agent', 4, 0, '2017-12-18 12:43:48', NULL, 6, '[\"1513581228-1774.doc\"]'),
(134, 'Test message ', 'Test Message from sales agent', 5, 0, '2017-12-18 12:43:48', NULL, 6, '[\"1513581228-1774.doc\"]'),
(135, 'Test message ', 'Test Message from sales agent', 6, 0, '2017-12-18 12:43:48', NULL, 6, '[\"1513581228-1774.doc\"]'),
(136, 'Test message ', 'Test Message from sales agent', 7, 1, '2017-12-18 12:43:48', NULL, 6, '[\"1513581228-1774.doc\"]'),
(137, 'Test message ', 'Test Message from sales agent', 8, 1, '2017-12-18 12:43:48', NULL, 6, '[\"1513581228-1774.doc\"]'),
(138, 'test message ', '123456', 1, 0, '2017-12-18 12:44:53', NULL, 7, '[\"1513581293-8266.png\",\"1513581293-3077.png\"]'),
(139, 'test message ', '123456', 2, 0, '2017-12-18 12:44:53', NULL, 7, '[\"1513581293-8266.png\",\"1513581293-3077.png\"]'),
(140, 'test message ', '123456', 3, 0, '2017-12-18 12:44:53', NULL, 7, '[\"1513581293-8266.png\",\"1513581293-3077.png\"]'),
(141, 'test message ', '123456', 4, 0, '2017-12-18 12:44:53', NULL, 7, '[\"1513581293-8266.png\",\"1513581293-3077.png\"]'),
(142, 'test message ', '123456', 5, 0, '2017-12-18 12:44:53', NULL, 7, '[\"1513581293-8266.png\",\"1513581293-3077.png\"]'),
(143, 'test message ', '123456', 6, 0, '2017-12-18 12:44:53', NULL, 7, '[\"1513581293-8266.png\",\"1513581293-3077.png\"]'),
(144, 'test message ', '123456', 7, 0, '2017-12-18 12:44:53', NULL, 7, '[\"1513581293-8266.png\",\"1513581293-3077.png\"]'),
(145, 'test message ', '123456', 8, 1, '2017-12-18 12:44:53', NULL, 7, '[\"1513581293-8266.png\",\"1513581293-3077.png\"]'),
(146, 'Test Message ', '123456', 1, 0, '2017-12-18 12:45:58', NULL, 8, '[]'),
(147, 'Test Message ', '123456', 2, 1, '2017-12-18 12:45:58', NULL, 8, '[]'),
(148, 'Test Message ', '123456', 3, 0, '2017-12-18 12:45:58', NULL, 8, '[]'),
(149, 'Test Message ', '123456', 4, 0, '2017-12-18 12:45:58', NULL, 8, '[]'),
(150, 'Test Message ', '123456', 5, 0, '2017-12-18 12:45:58', NULL, 8, '[]'),
(151, 'Test Message ', '123456', 6, 0, '2017-12-18 12:45:58', NULL, 8, '[]'),
(152, 'Test Message ', '123456', 7, 0, '2017-12-18 12:45:58', NULL, 8, '[]'),
(153, 'Test Message ', '123456', 8, 1, '2017-12-18 12:45:58', NULL, 8, '[]'),
(154, '112 ', '1', 2, 0, '2017-12-18 15:22:54', NULL, 2, '[\"1513590774-7826.png\"]');

-- --------------------------------------------------------

--
-- Table structure for table `message_status`
--

CREATE TABLE `message_status` (
  `message_status_id` int(11) NOT NULL,
  `title` varchar(64) DEFAULT NULL
) ENGINE=InnoDB DEFAULT CHARSET=latin1;

-- --------------------------------------------------------

--
-- Table structure for table `notification`
--

CREATE TABLE `notification` (
  `notification_id` int(11) NOT NULL,
  `activity_id` int(11) DEFAULT NULL,
  `notification_for` int(11) DEFAULT NULL,
  `status` int(11) DEFAULT NULL,
  `created_on` datetime DEFAULT NULL,
  `seen_on` datetime DEFAULT NULL,
  `activity_type` int(11) DEFAULT NULL
) ENGINE=InnoDB DEFAULT CHARSET=latin1;

--
-- Dumping data for table `notification`
--

INSERT INTO `notification` (`notification_id`, `activity_id`, `notification_for`, `status`, `created_on`, `seen_on`, `activity_type`) VALUES
(419, 66, 1, 1, '2018-06-28 04:01:35', NULL, 40),
(420, 67, 1, 1, '2018-06-28 04:58:49', NULL, 40),
(421, 68, 1, 1, '2018-06-28 05:04:48', NULL, 13),
(422, 69, 1, 1, '2018-06-29 01:59:48', NULL, 13),
(423, 70, 1, 1, '2018-06-29 02:11:42', NULL, 13),
(424, 71, 1, 1, '2018-06-29 03:07:11', NULL, 23),
(425, 71, 4, 1, '2018-06-29 03:07:11', NULL, 23),
(426, 72, 1, 1, '2018-07-04 04:00:07', NULL, 23),
(427, 72, 4, 1, '2018-07-04 04:00:07', NULL, 23),
(428, 73, 1, 1, '2018-07-05 11:22:34', NULL, 23),
(429, 73, 4, 1, '2018-07-05 11:22:34', NULL, 23),
(430, 74, 1, 1, '2018-07-05 12:45:12', NULL, 1),
(431, 75, 1, 1, '2018-07-05 01:09:26', NULL, 22),
(432, 75, 4, 1, '2018-07-05 01:09:26', NULL, 22),
(433, 76, 1, 1, '2018-07-05 01:11:04', NULL, 22),
(434, 76, 4, 1, '2018-07-05 01:11:04', NULL, 22),
(435, 77, 1, 1, '2018-07-05 01:11:43', NULL, 25),
(436, 78, 1, 1, '2018-07-05 01:13:50', NULL, 16),
(437, 78, 5, 0, '2018-07-05 01:13:51', NULL, 16),
(438, 79, 1, 1, '2018-07-05 01:20:34', NULL, 17),
(439, 79, 2, 0, '2018-07-05 01:20:34', NULL, 17),
(440, 79, 72, 0, '2018-07-05 01:20:34', NULL, 17),
(441, 80, 1, 1, '2018-07-05 01:22:57', NULL, 32),
(442, 80, 5, 0, '2018-07-05 01:22:57', NULL, 32),
(443, 80, 2, 0, '2018-07-05 01:22:57', NULL, 32),
(444, 80, 72, 0, '2018-07-05 01:22:57', NULL, 32),
(445, 81, 1, 1, '2018-07-05 03:50:47', NULL, 17),
(446, 81, 2, 0, '2018-07-05 03:50:47', NULL, 17),
(447, 81, 72, 0, '2018-07-05 03:50:47', NULL, 17),
(448, 82, 1, 1, '2018-07-05 03:57:41', NULL, 17),
(449, 82, 2, 0, '2018-07-05 03:57:41', NULL, 17),
(450, 82, 72, 0, '2018-07-05 03:57:41', NULL, 17),
(451, 83, 1, 1, '2018-07-05 04:05:16', NULL, 17),
(452, 83, 2, 0, '2018-07-05 04:05:16', NULL, 17),
(453, 83, 72, 0, '2018-07-05 04:05:16', NULL, 17),
(454, 84, 1, 1, '2018-07-05 04:28:10', NULL, 36),
(455, 85, 1, 1, '2018-07-05 04:30:33', NULL, 17),
(456, 85, 2, 0, '2018-07-05 04:30:33', NULL, 17),
(457, 85, 72, 0, '2018-07-05 04:30:33', NULL, 17),
(458, 86, 1, 1, '2018-07-06 10:02:11', NULL, 13),
(459, 87, 1, 1, '2018-07-06 10:03:21', NULL, 25),
(460, 88, 1, 1, '2018-07-06 10:03:21', NULL, 25),
(461, 89, 1, 1, '2018-07-06 03:32:44', NULL, 13),
(462, 90, 1, 1, '2018-07-06 03:32:46', NULL, 13),
(463, 91, 1, 1, '2018-07-06 05:23:19', NULL, 13),
(464, 92, 1, 0, '2018-07-09 12:36:50', NULL, 17),
(465, 92, 2, 0, '2018-07-09 12:36:50', NULL, 17),
(466, 92, 72, 0, '2018-07-09 12:36:50', NULL, 17),
(467, 93, 1, 0, '2018-07-09 12:41:15', NULL, 17),
(468, 93, 2, 0, '2018-07-09 12:41:15', NULL, 17),
(469, 93, 72, 0, '2018-07-09 12:41:15', NULL, 17),
(470, 94, 1, 0, '2018-07-09 12:44:27', NULL, 17),
(471, 94, 2, 0, '2018-07-09 12:44:27', NULL, 17),
(472, 94, 72, 0, '2018-07-09 12:44:27', NULL, 17),
(473, 95, 1, 0, '2018-07-09 12:45:04', NULL, 17),
(474, 95, 2, 0, '2018-07-09 12:45:04', NULL, 17),
(475, 95, 72, 0, '2018-07-09 12:45:04', NULL, 17),
(476, 96, 1, 0, '2018-07-09 12:45:46', NULL, 17),
(477, 96, 2, 0, '2018-07-09 12:45:46', NULL, 17),
(478, 96, 72, 0, '2018-07-09 12:45:46', NULL, 17),
(479, 97, 1, 0, '2018-07-09 12:46:36', NULL, 17),
(480, 97, 2, 0, '2018-07-09 12:46:36', NULL, 17),
(481, 97, 72, 0, '2018-07-09 12:46:36', NULL, 17),
(482, 98, 1, 0, '2018-07-09 12:47:21', NULL, 17),
(483, 98, 2, 0, '2018-07-09 12:47:21', NULL, 17),
(484, 98, 72, 0, '2018-07-09 12:47:21', NULL, 17),
(485, 99, 1, 0, '2018-07-09 12:47:36', NULL, 17),
(486, 99, 2, 0, '2018-07-09 12:47:36', NULL, 17),
(487, 99, 72, 0, '2018-07-09 12:47:36', NULL, 17),
(488, 100, 1, 0, '2018-07-09 12:48:20', NULL, 17),
(489, 100, 2, 0, '2018-07-09 12:48:20', NULL, 17),
(490, 100, 72, 0, '2018-07-09 12:48:20', NULL, 17),
(491, 101, 1, 0, '2018-07-09 12:49:28', NULL, 17),
(492, 101, 2, 0, '2018-07-09 12:49:28', NULL, 17),
(493, 101, 72, 0, '2018-07-09 12:49:28', NULL, 17),
(494, 102, 1, 0, '2018-07-09 12:50:01', NULL, 17),
(495, 102, 2, 0, '2018-07-09 12:50:01', NULL, 17),
(496, 102, 72, 0, '2018-07-09 12:50:01', NULL, 17),
(497, 103, 1, 0, '2018-07-09 12:51:09', NULL, 17),
(498, 103, 2, 0, '2018-07-09 12:51:09', NULL, 17),
(499, 103, 72, 0, '2018-07-09 12:51:09', NULL, 17),
(500, 104, 1, 0, '2018-07-09 12:52:38', NULL, 17),
(501, 104, 2, 0, '2018-07-09 12:52:38', NULL, 17),
(502, 104, 72, 0, '2018-07-09 12:52:38', NULL, 17),
(503, 105, 1, 0, '2018-07-09 12:53:18', NULL, 17),
(504, 105, 2, 0, '2018-07-09 12:53:18', NULL, 17),
(505, 105, 72, 0, '2018-07-09 12:53:18', NULL, 17),
(506, 106, 1, 0, '2018-07-09 12:54:19', NULL, 17),
(507, 106, 2, 0, '2018-07-09 12:54:19', NULL, 17),
(508, 106, 72, 0, '2018-07-09 12:54:19', NULL, 17),
(509, 107, 1, 0, '2018-07-09 12:54:36', NULL, 17),
(510, 107, 2, 0, '2018-07-09 12:54:36', NULL, 17),
(511, 107, 72, 0, '2018-07-09 12:54:36', NULL, 17),
(512, 108, 1, 0, '2018-07-09 12:56:08', NULL, 17),
(513, 108, 2, 0, '2018-07-09 12:56:08', NULL, 17),
(514, 108, 72, 0, '2018-07-09 12:56:08', NULL, 17),
(515, 109, 1, 0, '2018-07-09 01:00:52', NULL, 17),
(516, 109, 2, 0, '2018-07-09 01:00:52', NULL, 17),
(517, 109, 72, 0, '2018-07-09 01:00:52', NULL, 17),
(518, 110, 1, 0, '2018-07-09 03:17:37', NULL, 17),
(519, 110, 2, 0, '2018-07-09 03:17:37', NULL, 17),
(520, 110, 72, 0, '2018-07-09 03:17:37', NULL, 17);

-- --------------------------------------------------------

--
-- Table structure for table `order`
--

CREATE TABLE `order` (
  `order_id` int(11) NOT NULL,
  `order_type` int(11) DEFAULT NULL,
  `vendor` int(11) DEFAULT NULL,
  `client` int(11) DEFAULT NULL,
  `amount_paid` int(11) DEFAULT NULL,
  `raised_by` int(11) DEFAULT NULL,
  `return_reason` int(11) DEFAULT NULL,
  `order_status` int(11) DEFAULT NULL,
  `delivery_date` date DEFAULT NULL,
  `payment_deadline` datetime DEFAULT NULL,
  `order_date` date DEFAULT NULL,
  `expected_date` date DEFAULT NULL,
  `htt` double DEFAULT NULL,
  `tva` double DEFAULT '20',
  `ttc` double DEFAULT NULL,
  `person_responsible` varchar(64) DEFAULT NULL,
  `bill_of_lading` int(1) NOT NULL,
  `city` varchar(64) DEFAULT NULL,
  `delivery_address` int(11) DEFAULT NULL,
  `comment` text NOT NULL,
  `payment_status` int(11) NOT NULL DEFAULT '0',
  `payment_mode` int(11) NOT NULL,
  `c_status` int(1) NOT NULL DEFAULT '0',
  `so_ref` int(11) NOT NULL DEFAULT '0'
) ENGINE=InnoDB DEFAULT CHARSET=latin1;

--
-- Dumping data for table `order`
--

INSERT INTO `order` (`order_id`, `order_type`, `vendor`, `client`, `amount_paid`, `raised_by`, `return_reason`, `order_status`, `delivery_date`, `payment_deadline`, `order_date`, `expected_date`, `htt`, `tva`, `ttc`, `person_responsible`, `bill_of_lading`, `city`, `delivery_address`, `comment`, `payment_status`, `payment_mode`, `c_status`, `so_ref`) VALUES
(26, 1, 27, NULL, 0, 1, NULL, 3, NULL, '2018-08-13 00:00:00', '2018-06-29', '0000-00-00', 5.616, 20, 6.7392, '', 0, 'ALBI', 0, '', 0, 1, 0, 0),
(27, 1, 27, NULL, 0, 1, NULL, 1, NULL, '2018-08-13 00:00:00', '2018-06-29', '2018-06-30', 5.616, 20, 6.7392, 'Baljeet Matharoo', 0, 'ALBI', 0, '', 0, 1, 0, 0),
(28, 2, NULL, 1, 0, 1, NULL, 4, NULL, '2018-08-19 00:00:00', '2018-07-05', '2018-07-05', 6.1, 20, 7.32, '', 0, '', 1, '', 0, 1, 0, 0),
(29, 2, NULL, 1, 0, 1, NULL, 2, NULL, '2018-08-19 00:00:00', '2018-07-05', '0000-00-00', 6.212, 20, 7.4544, '', 0, '', 1, '', 0, 1, 0, 0),
(30, 2, NULL, 1, 0, 1, NULL, 2, NULL, '2018-08-19 00:00:00', '2018-07-05', '2018-07-13', 12.424, 20, 14.9088, 'Burhan Shah', 0, '', 1, '', 0, 2, 0, 0),
(31, 2, NULL, 1, 0, 1, NULL, 2, NULL, '2018-08-19 00:00:00', '2018-07-05', '2018-07-05', 100, 20, 120, 'Baljeet Matharoo', 0, '', 1, '', 0, 1, 0, 0),
(32, 2, NULL, 1, 0, 72, NULL, 5, NULL, '2018-08-19 00:00:00', '2018-07-05', '2018-07-05', 12.424, 20, 14.9088, NULL, 0, '', 1, '', 0, 0, 0, 0),
(33, 1, 27, NULL, 0, 4, NULL, 8, NULL, '2018-08-20 00:00:00', '2018-07-06', '2018-07-06', 5.616, 20, 6.7392, '', 0, 'ALBI', 0, '', 0, 1, 0, 0),
(34, 1, 27, NULL, 0, 1, NULL, 1, NULL, '2018-08-20 00:00:00', '2018-07-06', '0000-00-00', 3.04, 20, 3.648, '', 0, '', 0, '', 0, 1, 0, 0),
(35, 1, 27, NULL, 0, 1, NULL, 1, NULL, '2018-08-20 00:00:00', '2018-07-06', '0000-00-00', 11.232, 20, 13.4784, '', 0, 'ALBI', 0, '', 0, 1, 0, 0),
(36, 1, 30, NULL, 0, 1, NULL, 1, NULL, '2018-08-20 00:00:00', '2018-07-06', '2018-07-06', 2, 20, 2.4, '', 0, '', 0, '', 0, 1, 0, 0),
(56, 2, NULL, 1, 0, 1, NULL, 2, NULL, '2018-08-23 00:00:00', '2018-07-09', '0000-00-00', 49.696, 20, 59.6352, '', 0, '', 1, '', 0, 1, 0, 0),
(57, 1, NULL, 1, NULL, 1, NULL, 12, NULL, NULL, NULL, NULL, NULL, 20, NULL, NULL, 0, NULL, 1, '', 0, 0, 0, 56),
(58, 2, NULL, 1, 0, 1, NULL, 2, NULL, '2018-08-23 00:00:00', '2018-07-09', '0000-00-00', 43.5, 20, 52.2, '', 0, '', 1, '', 0, 1, 0, 0),
(59, 1, NULL, 1, NULL, 1, NULL, 12, NULL, NULL, NULL, NULL, NULL, 20, NULL, NULL, 0, NULL, 1, '', 0, 0, 0, 58),
(60, 2, NULL, 1, 0, 1, NULL, 13, NULL, '2018-08-23 00:00:00', '2018-07-09', '0000-00-00', 7.56, 20, 9.072, '', 0, '', 1, '', 0, 1, 0, 0),
(61, 1, NULL, 1, NULL, 1, NULL, 12, NULL, NULL, NULL, NULL, NULL, 20, NULL, NULL, 0, NULL, 1, '', 0, 0, 0, 60);

-- --------------------------------------------------------

--
-- Table structure for table `order_bol`
--

CREATE TABLE `order_bol` (
  `bol_id` int(11) NOT NULL,
  `item_id` int(11) NOT NULL,
  `order_id` int(11) NOT NULL,
  `bol_number` int(11) NOT NULL,
  `quantity_received` int(11) NOT NULL,
  `date_of_receipt` date NOT NULL,
  `paid_for` int(1) NOT NULL
) ENGINE=InnoDB DEFAULT CHARSET=latin1;

--
-- Dumping data for table `order_bol`
--

INSERT INTO `order_bol` (`bol_id`, `item_id`, `order_id`, `bol_number`, `quantity_received`, `date_of_receipt`, `paid_for`) VALUES
(11, 1169, 26, 454545, 0, '2018-06-29', 0),
(12, 1169, 27, 24541, 0, '2018-07-04', 0),
(13, 1169, 26, 24541, 0, '2018-07-04', 0),
(15, 1169, 26, 454545, 1, '2018-07-05', 0),
(16, 1169, 28, 0, 1, '2018-07-05', 0);

-- --------------------------------------------------------

--
-- Table structure for table `order_discount`
--

CREATE TABLE `order_discount` (
  `discount_id` int(11) NOT NULL,
  `order_id` int(11) NOT NULL,
  `discount_type` int(1) NOT NULL DEFAULT '0',
  `discount_on` int(1) NOT NULL DEFAULT '0',
  `item_id` int(11) NOT NULL,
  `discount_amount` double NOT NULL,
  `attachment` varchar(255) CHARACTER SET utf8 NOT NULL
) ENGINE=InnoDB DEFAULT CHARSET=latin1;

-- --------------------------------------------------------

--
-- Table structure for table `order_item`
--

CREATE TABLE `order_item` (
  `item_list_id` int(11) NOT NULL,
  `item_id` int(11) DEFAULT NULL,
  `order_id` int(11) DEFAULT NULL,
  `quantity` int(11) DEFAULT NULL,
  `rate` double DEFAULT NULL,
  `discount` double DEFAULT NULL,
  `mrp` double DEFAULT NULL,
  `order_type` int(11) DEFAULT NULL,
  `item_status` int(2) DEFAULT NULL
) ENGINE=InnoDB DEFAULT CHARSET=latin1;

--
-- Dumping data for table `order_item`
--

INSERT INTO `order_item` (`item_list_id`, `item_id`, `order_id`, `quantity`, `rate`, `discount`, `mrp`, `order_type`, `item_status`) VALUES
(41, 1120, 25, 10, 1.52, 0, 0, 1, NULL),
(42, 1169, 26, 1, 5.616, 0, 0, 1, NULL),
(43, 1169, 27, 1, 5.616, 0, 0, 1, NULL),
(44, 1169, 28, 1, 6.1, 0, 0, 2, NULL),
(45, 1169, 29, 1, 6.212, 0, 0, 2, NULL),
(46, 1169, 30, 2, 6.212, 0, 0, 2, NULL),
(47, 1169, 31, 1, 100, 0, 0, 2, NULL),
(48, 1169, 32, 2, 6.212, 0, 0, 2, NULL),
(49, 1169, 33, 1, 5.616, 0, 0, 1, NULL),
(50, 1170, 34, 2, 1.52, 0, 0, 1, NULL),
(51, 1169, 35, 2, 5.616, 0, 0, 1, NULL),
(52, 1269, 36, 2, 1, 0, 0, 1, NULL),
(53, 1169, 37, 0, 6.212, 0, 0, 2, NULL),
(54, 1169, 38, 0, 6.212, 0, 0, 2, NULL),
(55, 1169, 49, 1, 6.212, 0, 0, 2, NULL),
(56, 1170, 51, 8, 1.52, 0, 0, 1, NULL),
(57, 1170, 50, 8, 5.5, 0, 0, 2, NULL),
(58, 1170, 53, 8, 1.52, 0, 0, 1, NULL),
(59, 1170, 55, 8, 1.52, 0, 0, 1, NULL),
(60, 1169, 57, 7, 5.616, 0, 0, 1, NULL),
(61, 1169, 56, 8, 6.212, 0, 0, 2, NULL),
(62, 1170, 59, 5, 1.52, 0, 0, 1, NULL),
(63, 1170, 58, 5, 8.7, 0, 0, 2, NULL),
(64, 1172, 61, 3, 1.73, 0, 0, 1, NULL),
(65, 1172, 60, 3, 2.52, 0, 0, 2, NULL);

-- --------------------------------------------------------

--
-- Table structure for table `order_status`
--

CREATE TABLE `order_status` (
  `order_status_id` int(11) NOT NULL,
  `title` varchar(64) DEFAULT NULL
) ENGINE=InnoDB DEFAULT CHARSET=latin1;

--
-- Dumping data for table `order_status`
--

INSERT INTO `order_status` (`order_status_id`, `title`) VALUES
(1, 'purchase_order_placed'),
(2, 'sales_order_received'),
(3, 'purchase_order_delivered'),
(4, 'sales_order_dispatched'),
(5, 'sales_order_delivered'),
(6, 'return_request_placed'),
(7, 'return_completed'),
(8, 'purchase_order_cancelled'),
(9, 'sales_order_cancelled'),
(10, 'return_order_cancelled'),
(11, 'return_order_placed'),
(12, 'request_order_placed'),
(13, 'po_request_sent');

-- --------------------------------------------------------

--
-- Table structure for table `order_type`
--

CREATE TABLE `order_type` (
  `order_type_id` int(11) NOT NULL,
  `title` varchar(64) DEFAULT NULL
) ENGINE=InnoDB DEFAULT CHARSET=latin1;

--
-- Dumping data for table `order_type`
--

INSERT INTO `order_type` (`order_type_id`, `title`) VALUES
(1, 'purchase'),
(2, 'sales'),
(3, 'return_to_vendor'),
(4, 'return_from_client');

-- --------------------------------------------------------

--
-- Table structure for table `payment_mode`
--

CREATE TABLE `payment_mode` (
  `payment_mode_id` int(11) NOT NULL,
  `title` varchar(20) CHARACTER SET utf8 COLLATE utf8_bin NOT NULL,
  `lang` varchar(2) NOT NULL DEFAULT 'en'
) ENGINE=InnoDB DEFAULT CHARSET=latin1;

--
-- Dumping data for table `payment_mode`
--

INSERT INTO `payment_mode` (`payment_mode_id`, `title`, `lang`) VALUES
(1, 'Cash', 'en'),
(2, 'DD', 'en'),
(3, 'Cheque', 'en'),
(4, 'Wire Transfer', 'en'),
(5, 'Virement', 'fr'),
(6, 'DD', 'fr'),
(7, 'Verifier', 'fr');

-- --------------------------------------------------------

--
-- Table structure for table `payment_queue`
--

CREATE TABLE `payment_queue` (
  `payment_queue_id` int(11) NOT NULL,
  `order_id` int(11) NOT NULL,
  `payment_type` int(1) NOT NULL DEFAULT '1',
  `status` int(1) NOT NULL,
  `created` datetime NOT NULL,
  `paid` datetime NOT NULL
) ENGINE=InnoDB DEFAULT CHARSET=latin1;

-- --------------------------------------------------------

--
-- Table structure for table `payouts`
--

CREATE TABLE `payouts` (
  `payout_id` int(11) NOT NULL,
  `data` varchar(150) NOT NULL,
  `amount` int(11) NOT NULL,
  `created` datetime NOT NULL
) ENGINE=InnoDB DEFAULT CHARSET=latin1;

-- --------------------------------------------------------

--
-- Table structure for table `po_queue`
--

CREATE TABLE `po_queue` (
  `queue_id` int(11) NOT NULL,
  `item_id` int(11) NOT NULL,
  `rate` double NOT NULL,
  `quantity` int(11) NOT NULL,
  `responsible` int(11) NOT NULL
) ENGINE=InnoDB DEFAULT CHARSET=latin1;

-- --------------------------------------------------------

--
-- Table structure for table `return_reason`
--

CREATE TABLE `return_reason` (
  `return_reason_id` int(11) NOT NULL,
  `title` varchar(64) DEFAULT NULL
) ENGINE=InnoDB DEFAULT CHARSET=latin1;

--
-- Dumping data for table `return_reason`
--

INSERT INTO `return_reason` (`return_reason_id`, `title`) VALUES
(1, 'Defected Items'),
(2, 'Surplus Goods'),
(3, 'Wrong Products Delivered'),
(4, 'Excess Products Delivered'),
(5, 'Other');

-- --------------------------------------------------------

--
-- Table structure for table `system_setting`
--

CREATE TABLE `system_setting` (
  `setting_id` int(11) NOT NULL,
  `setting_key` varchar(100) NOT NULL,
  `setting_value` varchar(150) NOT NULL
) ENGINE=InnoDB DEFAULT CHARSET=latin1;

--
-- Dumping data for table `system_setting`
--

INSERT INTO `system_setting` (`setting_id`, `setting_key`, `setting_value`) VALUES
(1, 'audit_date', '30'),
(2, 'tax', '20'),
(3, 'default_language', 'en'),
(4, 'store_address', 'SCF 83, Phase 7 Mohali. 160061'),
(5, 'smtp_host', 'smtp.gmail.com'),
(6, 'smtp_port', '587'),
(7, 'smtp_username', 'feedback.elecsbe@gmail.com'),
(8, 'smtp_password', 'uwsxmiyrmvzeyuxa'),
(9, 'sender_title', 'Pream SCM Solution');

-- --------------------------------------------------------

--
-- Table structure for table `user`
--

CREATE TABLE `user` (
  `user_id` int(11) NOT NULL,
  `user_type` int(11) DEFAULT NULL,
  `name` varchar(225) DEFAULT NULL,
  `email_id` varchar(64) DEFAULT NULL,
  `phone` varchar(64) DEFAULT NULL,
  `password` varchar(64) DEFAULT NULL,
  `username` varchar(64) DEFAULT NULL,
  `address` varchar(64) DEFAULT NULL,
  `last_login` datetime DEFAULT NULL,
  `last_ip` varchar(64) DEFAULT NULL,
  `status` int(1) DEFAULT '1',
  `created` datetime DEFAULT NULL,
  `city` varchar(64) DEFAULT NULL,
  `postal_code` varchar(64) DEFAULT NULL,
  `image` varchar(100) DEFAULT NULL,
  `identification` varchar(100) DEFAULT NULL
) ENGINE=InnoDB DEFAULT CHARSET=latin1;

--
-- Dumping data for table `user`
--

INSERT INTO `user` (`user_id`, `user_type`, `name`, `email_id`, `phone`, `password`, `username`, `address`, `last_login`, `last_ip`, `status`, `created`, `city`, `postal_code`, `image`, `identification`) VALUES
(1, 1, 'Super Admin', 'admin@elecsbe.com', '7894561230', '123456', 'superadmin', 'Address', '2018-07-06 11:14:46', '::1', 1, '2018-02-28 04:57:53', NULL, NULL, '[]', '[]'),
(2, 5, 'salesagent', 'salesagent@sales.agent', '789456456', '123456', 'salesagent', 'Address', '2018-04-12 10:56:28', '::1', 1, '2018-03-10 03:39:21', 'City', '191102', '[]', '[]'),
(3, 2, 'accountant', 'accountant@elec.com', '123455', '123456', 'accountant', 'accountant address', '2018-06-09 03:06:02', '::1', 1, '2018-03-12 05:11:55', NULL, NULL, '[]', '[]'),
(4, 3, 'purchaser', 'email@caretaker.com', '12344', '123456', 'purchaser', 'addresss', '2018-07-05 04:50:59', '::1', 1, '2018-03-12 05:12:18', NULL, NULL, '[\"1523265884-5063.PNG\"]', '[]'),
(5, 4, 'Sales admin', 'salesagent@sales.agent', '1212121212', '123456', 'salesadmin', 'adress', '2018-05-29 05:33:38', '::1', 1, '2018-03-12 05:12:54', NULL, NULL, '[]', '[]'),
(6, 6, 'store admin', 'storeadmin@gma', '1234', '123456', 'storeadmin', '123ds ', '2018-04-11 05:38:15', '::1', 1, '2018-03-12 05:19:59', NULL, NULL, '[]', '[]'),
(56, 9, NULL, 'info@getmaxevents.com', '7874544748', '123456', NULL, '  SCF 83 Getmax', '2018-03-13 02:47:58', '::1', 1, '2018-03-13 02:47:58', 'Mohali', '160061', NULL, NULL),
(58, 9, NULL, 'info@getmaxrealtors.com', '8989898899', '123456', NULL, ' SCF 83 Phase 7', '2018-04-09 10:51:08', '::1', 1, '2018-04-09 10:51:08', 'Mohali', '160061', NULL, NULL),
(59, 9, NULL, 'benjaminmarleau@bishopemp.com', '0513897427', '123456', NULL, '  10, Chemin des Bateliers\r\n', '2018-04-16 12:29:21', '::1', 1, '2018-04-16 12:29:21', 'ALBI', '81000 ', NULL, NULL),
(60, 9, NULL, 'xarlesPerillard@dayrep.com', '0325461308', '123456', NULL, ' 19, Place Charles de Gaulle\r\n', '2018-04-16 12:32:30', '::1', 1, '2018-04-16 12:32:30', 'VILLENEUVE-D\'ASCQ', '59493 ', NULL, NULL),
(61, 9, NULL, 'somervilleRheaume@armyspy.com', '0131883660', '123456', NULL, ' 93, Place de la Madeleine\r\n', '2018-04-16 12:56:11', '::1', 1, '2018-04-16 12:56:11', 'PARIS', '75012 ', NULL, NULL),
(62, 9, NULL, 'eliseDeniger@teleworm.us', '0297413057', '5247', NULL, ' 68, rue du Pr&eacute;sident Roosevelt\r\n', '2018-04-16 01:09:50', '::1', 1, '2018-04-16 01:09:50', 'SAUMUR', '49400 ', NULL, NULL),
(71, 9, NULL, 'namoMartineau@armyspy.com', '0117130009', '4735', NULL, '52, boulevard Amiral Courbet  ', '2018-04-16 03:48:35', '::1', 1, '2018-04-16 03:48:35', 'ORLY', '94310 ', NULL, NULL),
(72, 5, 'Matthieu Covillon', 'matthieucovillon@rhyta.com', '0218686539', '123456', 'covillon', '13, rue Gouin de Beauchesne\r\n.', '2018-07-05 04:30:14', '::1', 1, '2018-04-16 03:52:35', 'SAINT-PIERRE', '97410 ', '[]', '[]'),
(73, 9, NULL, 'sb.shahburhan@gmail.com', '9906760767', '6844', NULL, 'Banglow Bagh', '2018-06-26 01:15:15', '::1', 1, '2018-06-26 01:15:15', 'Baramulla', '193101', NULL, NULL),
(74, 9, NULL, 'burhan@gmail.com', '25825852', '9162', NULL, 'Banglow Bagh', '2018-06-26 01:25:03', '::1', 0, '2018-06-26 01:25:03', 'Baramulla', '193101', NULL, NULL),
(75, 9, NULL, 'sb.shahburhan1@gmail.com', '9906760768', '1222', NULL, 'Banglow Bagh', '2018-06-26 01:28:02', '::1', 0, '2018-06-26 01:28:02', 'Baramulla', '193101', NULL, NULL),
(76, 9, NULL, 'ledr5@eldb.com', '123456789', '6983', NULL, '5 rue 1223', '2018-06-26 01:32:05', '::1', 0, '2018-06-26 01:32:05', 'Paris', '7895', NULL, NULL),
(77, NULL, 'NOLLET', NULL, NULL, NULL, NULL, NULL, NULL, NULL, 1, NULL, NULL, NULL, NULL, NULL),
(78, NULL, 'NOLLET', NULL, NULL, NULL, NULL, NULL, NULL, NULL, 1, NULL, NULL, NULL, NULL, NULL),
(79, 9, NULL, '', '', '3549', NULL, '', '2018-07-05 12:40:33', '::1', 1, '2018-07-05 12:40:33', '', '', NULL, NULL),
(80, 9, NULL, 'sb.shahburhan@gmail.com12', '9906760769', '1755', NULL, 'Banglow Bagh', '2018-07-05 12:45:12', '::1', 1, '2018-07-05 12:45:12', 'Baramulla', '193101', NULL, NULL),
(81, 9, NULL, 'sb.shahburhazn@gmail.com', '99067607671', 'zxczxc', NULL, 'Banglow Bagh', '2018-07-05 01:13:50', '::1', 1, '2018-07-05 01:13:50', NULL, NULL, NULL, NULL),
(82, NULL, 'PRIVILÃˆGE ESPACE', NULL, NULL, NULL, NULL, NULL, NULL, NULL, 1, NULL, NULL, NULL, NULL, NULL),
(83, NULL, 'VISIOSAT', NULL, NULL, NULL, NULL, NULL, NULL, NULL, 1, NULL, NULL, NULL, NULL, NULL),
(84, NULL, 'CAHORS', NULL, NULL, NULL, NULL, NULL, NULL, NULL, 1, NULL, NULL, NULL, NULL, NULL),
(85, NULL, 'TRIAX', NULL, NULL, NULL, NULL, NULL, NULL, NULL, 1, NULL, NULL, NULL, NULL, NULL),
(86, NULL, 'REXEL', NULL, NULL, NULL, NULL, NULL, NULL, NULL, 1, NULL, NULL, NULL, NULL, NULL),
(87, NULL, 'GDV', NULL, NULL, NULL, NULL, NULL, NULL, NULL, 1, NULL, NULL, NULL, NULL, NULL),
(88, NULL, 'NORALSY', NULL, NULL, NULL, NULL, NULL, NULL, NULL, 1, NULL, NULL, NULL, NULL, NULL),
(89, NULL, 'EVICOM', NULL, NULL, NULL, NULL, NULL, NULL, NULL, 1, NULL, NULL, NULL, NULL, NULL);

-- --------------------------------------------------------

--
-- Table structure for table `user_type`
--

CREATE TABLE `user_type` (
  `user_type_id` int(11) NOT NULL,
  `title` varchar(64) DEFAULT NULL,
  `prefix` varchar(64) DEFAULT NULL
) ENGINE=InnoDB DEFAULT CHARSET=latin1;

--
-- Dumping data for table `user_type`
--

INSERT INTO `user_type` (`user_type_id`, `title`, `prefix`) VALUES
(1, 'super_admin', 'super_admin'),
(2, 'accountant', 'senior'),
(3, 'purchaser', 'senior'),
(4, 'sales_admin', 'senior'),
(5, 'sales_agent', 'junior'),
(6, 'store_admin', 'senior'),
(7, 'store_keeper', 'junior'),
(8, 'client', 'external'),
(9, 'vendor', 'external');

-- --------------------------------------------------------

--
-- Table structure for table `vendor`
--

CREATE TABLE `vendor` (
  `vendor_id` int(11) NOT NULL,
  `user_id` int(11) NOT NULL,
  `vendor_type` varchar(64) DEFAULT NULL,
  `approval_status` int(11) DEFAULT NULL,
  `company_name` varchar(64) DEFAULT NULL,
  `person_responsible` varchar(62) NOT NULL,
  `fax_number` varchar(20) NOT NULL,
  `mobile` varchar(12) NOT NULL,
  `franco` varchar(20) NOT NULL,
  `category` varchar(50) NOT NULL
) ENGINE=InnoDB DEFAULT CHARSET=latin1;

--
-- Dumping data for table `vendor`
--

INSERT INTO `vendor` (`vendor_id`, `user_id`, `vendor_type`, `approval_status`, `company_name`, `person_responsible`, `fax_number`, `mobile`, `franco`, `category`) VALUES
(27, 78, NULL, 1, 'NOLLET', '', '', '', '', ''),
(30, 82, NULL, 1, 'PRIVILÃˆGE ESPACE', '', '', '', '', ''),
(31, 83, NULL, 1, 'VISIOSAT', '', '', '', '', ''),
(32, 84, NULL, 1, 'CAHORS', '', '', '', '', ''),
(33, 85, NULL, 1, 'TRIAX', '', '', '', '', ''),
(34, 86, NULL, 1, 'REXEL', '', '', '', '', ''),
(35, 87, NULL, 1, 'GDV', '', '', '', '', ''),
(36, 88, NULL, 1, 'NORALSY', '', '', '', '', ''),
(37, 89, NULL, 1, 'EVICOM', '', '', '', '', '');

--
-- Indexes for dumped tables
--

--
-- Indexes for table `activity`
--
ALTER TABLE `activity`
  ADD PRIMARY KEY (`activity_id`),
  ADD UNIQUE KEY `activity_activity_id_uindex` (`activity_id`);

--
-- Indexes for table `activity_type`
--
ALTER TABLE `activity_type`
  ADD PRIMARY KEY (`activity_type_id`),
  ADD UNIQUE KEY `activity_type_activity_type_id_uindex` (`activity_type_id`);

--
-- Indexes for table `agent`
--
ALTER TABLE `agent`
  ADD PRIMARY KEY (`employee_id`),
  ADD UNIQUE KEY `employee_id` (`employee_id`);

--
-- Indexes for table `approval_status`
--
ALTER TABLE `approval_status`
  ADD PRIMARY KEY (`approval_status_id`),
  ADD UNIQUE KEY `approval_status_approval_status_id_uindex` (`approval_status_id`);

--
-- Indexes for table `audit`
--
ALTER TABLE `audit`
  ADD PRIMARY KEY (`audit_id`);

--
-- Indexes for table `change_request`
--
ALTER TABLE `change_request`
  ADD PRIMARY KEY (`change_request_id`),
  ADD UNIQUE KEY `change_request_change_request_id_uindex` (`change_request_id`);

--
-- Indexes for table `client`
--
ALTER TABLE `client`
  ADD PRIMARY KEY (`client_id`),
  ADD UNIQUE KEY `client_client_id_uindex` (`client_id`);

--
-- Indexes for table `client_type`
--
ALTER TABLE `client_type`
  ADD PRIMARY KEY (`client_type_id`),
  ADD UNIQUE KEY `client_type_clien_type_id_uindex` (`client_type_id`);

--
-- Indexes for table `commission_rate`
--
ALTER TABLE `commission_rate`
  ADD PRIMARY KEY (`commission_id`);

--
-- Indexes for table `employee`
--
ALTER TABLE `employee`
  ADD PRIMARY KEY (`employee_id`),
  ADD UNIQUE KEY `employee_employee_id_uindex` (`employee_id`);

--
-- Indexes for table `expense`
--
ALTER TABLE `expense`
  ADD PRIMARY KEY (`expense_id`);

--
-- Indexes for table `invoice`
--
ALTER TABLE `invoice`
  ADD PRIMARY KEY (`invoice_id`);

--
-- Indexes for table `item`
--
ALTER TABLE `item`
  ADD PRIMARY KEY (`item_id`),
  ADD UNIQUE KEY `item_item_id_uindex` (`item_id`);

--
-- Indexes for table `item_category`
--
ALTER TABLE `item_category`
  ADD PRIMARY KEY (`item_category_id`),
  ADD UNIQUE KEY `item_category_item_category_id_uindex` (`item_category_id`);

--
-- Indexes for table `message`
--
ALTER TABLE `message`
  ADD PRIMARY KEY (`message_id`),
  ADD UNIQUE KEY `message_message_id_uindex` (`message_id`);

--
-- Indexes for table `message_status`
--
ALTER TABLE `message_status`
  ADD PRIMARY KEY (`message_status_id`),
  ADD UNIQUE KEY `message_status_message_status_id_uindex` (`message_status_id`);

--
-- Indexes for table `notification`
--
ALTER TABLE `notification`
  ADD PRIMARY KEY (`notification_id`),
  ADD UNIQUE KEY `notification_notification_id_uindex` (`notification_id`);

--
-- Indexes for table `order`
--
ALTER TABLE `order`
  ADD PRIMARY KEY (`order_id`),
  ADD UNIQUE KEY `order_order_id_uindex` (`order_id`);

--
-- Indexes for table `order_bol`
--
ALTER TABLE `order_bol`
  ADD PRIMARY KEY (`bol_id`);

--
-- Indexes for table `order_discount`
--
ALTER TABLE `order_discount`
  ADD PRIMARY KEY (`discount_id`);

--
-- Indexes for table `order_item`
--
ALTER TABLE `order_item`
  ADD PRIMARY KEY (`item_list_id`);

--
-- Indexes for table `order_status`
--
ALTER TABLE `order_status`
  ADD PRIMARY KEY (`order_status_id`),
  ADD UNIQUE KEY `order_status_order_status_id_uindex` (`order_status_id`);

--
-- Indexes for table `order_type`
--
ALTER TABLE `order_type`
  ADD PRIMARY KEY (`order_type_id`),
  ADD UNIQUE KEY `order_type_order_type_id_uindex` (`order_type_id`);

--
-- Indexes for table `payment_mode`
--
ALTER TABLE `payment_mode`
  ADD PRIMARY KEY (`payment_mode_id`);

--
-- Indexes for table `payment_queue`
--
ALTER TABLE `payment_queue`
  ADD PRIMARY KEY (`payment_queue_id`);

--
-- Indexes for table `payouts`
--
ALTER TABLE `payouts`
  ADD PRIMARY KEY (`payout_id`);

--
-- Indexes for table `po_queue`
--
ALTER TABLE `po_queue`
  ADD PRIMARY KEY (`queue_id`);

--
-- Indexes for table `return_reason`
--
ALTER TABLE `return_reason`
  ADD PRIMARY KEY (`return_reason_id`),
  ADD UNIQUE KEY `return_reason_return_reason_id_uindex` (`return_reason_id`);

--
-- Indexes for table `system_setting`
--
ALTER TABLE `system_setting`
  ADD PRIMARY KEY (`setting_id`);

--
-- Indexes for table `user`
--
ALTER TABLE `user`
  ADD PRIMARY KEY (`user_id`),
  ADD UNIQUE KEY `user_user_id_uindex` (`user_id`);

--
-- Indexes for table `user_type`
--
ALTER TABLE `user_type`
  ADD PRIMARY KEY (`user_type_id`),
  ADD UNIQUE KEY `user_type_user_type_id_uindex` (`user_type_id`);

--
-- Indexes for table `vendor`
--
ALTER TABLE `vendor`
  ADD PRIMARY KEY (`vendor_id`),
  ADD UNIQUE KEY `vendor_vendor_id_uindex` (`vendor_id`);

--
-- AUTO_INCREMENT for dumped tables
--

--
-- AUTO_INCREMENT for table `activity`
--
ALTER TABLE `activity`
  MODIFY `activity_id` int(11) NOT NULL AUTO_INCREMENT, AUTO_INCREMENT=111;
--
-- AUTO_INCREMENT for table `activity_type`
--
ALTER TABLE `activity_type`
  MODIFY `activity_type_id` int(11) NOT NULL AUTO_INCREMENT, AUTO_INCREMENT=42;
--
-- AUTO_INCREMENT for table `approval_status`
--
ALTER TABLE `approval_status`
  MODIFY `approval_status_id` int(11) NOT NULL AUTO_INCREMENT, AUTO_INCREMENT=9;
--
-- AUTO_INCREMENT for table `audit`
--
ALTER TABLE `audit`
  MODIFY `audit_id` int(11) NOT NULL AUTO_INCREMENT;
--
-- AUTO_INCREMENT for table `change_request`
--
ALTER TABLE `change_request`
  MODIFY `change_request_id` int(11) NOT NULL AUTO_INCREMENT;
--
-- AUTO_INCREMENT for table `client`
--
ALTER TABLE `client`
  MODIFY `client_id` int(11) NOT NULL AUTO_INCREMENT, AUTO_INCREMENT=2;
--
-- AUTO_INCREMENT for table `client_type`
--
ALTER TABLE `client_type`
  MODIFY `client_type_id` int(11) NOT NULL AUTO_INCREMENT, AUTO_INCREMENT=4;
--
-- AUTO_INCREMENT for table `commission_rate`
--
ALTER TABLE `commission_rate`
  MODIFY `commission_id` int(11) NOT NULL AUTO_INCREMENT, AUTO_INCREMENT=9;
--
-- AUTO_INCREMENT for table `employee`
--
ALTER TABLE `employee`
  MODIFY `employee_id` int(11) NOT NULL AUTO_INCREMENT, AUTO_INCREMENT=11;
--
-- AUTO_INCREMENT for table `expense`
--
ALTER TABLE `expense`
  MODIFY `expense_id` int(11) NOT NULL AUTO_INCREMENT, AUTO_INCREMENT=3;
--
-- AUTO_INCREMENT for table `invoice`
--
ALTER TABLE `invoice`
  MODIFY `invoice_id` int(11) NOT NULL AUTO_INCREMENT, AUTO_INCREMENT=4;
--
-- AUTO_INCREMENT for table `item`
--
ALTER TABLE `item`
  MODIFY `item_id` int(11) NOT NULL AUTO_INCREMENT, AUTO_INCREMENT=1569;
--
-- AUTO_INCREMENT for table `item_category`
--
ALTER TABLE `item_category`
  MODIFY `item_category_id` int(11) NOT NULL AUTO_INCREMENT, AUTO_INCREMENT=59;
--
-- AUTO_INCREMENT for table `message`
--
ALTER TABLE `message`
  MODIFY `message_id` int(11) NOT NULL AUTO_INCREMENT, AUTO_INCREMENT=155;
--
-- AUTO_INCREMENT for table `message_status`
--
ALTER TABLE `message_status`
  MODIFY `message_status_id` int(11) NOT NULL AUTO_INCREMENT;
--
-- AUTO_INCREMENT for table `notification`
--
ALTER TABLE `notification`
  MODIFY `notification_id` int(11) NOT NULL AUTO_INCREMENT, AUTO_INCREMENT=521;
--
-- AUTO_INCREMENT for table `order`
--
ALTER TABLE `order`
  MODIFY `order_id` int(11) NOT NULL AUTO_INCREMENT, AUTO_INCREMENT=62;
--
-- AUTO_INCREMENT for table `order_bol`
--
ALTER TABLE `order_bol`
  MODIFY `bol_id` int(11) NOT NULL AUTO_INCREMENT, AUTO_INCREMENT=17;
--
-- AUTO_INCREMENT for table `order_discount`
--
ALTER TABLE `order_discount`
  MODIFY `discount_id` int(11) NOT NULL AUTO_INCREMENT;
--
-- AUTO_INCREMENT for table `order_item`
--
ALTER TABLE `order_item`
  MODIFY `item_list_id` int(11) NOT NULL AUTO_INCREMENT, AUTO_INCREMENT=66;
--
-- AUTO_INCREMENT for table `order_status`
--
ALTER TABLE `order_status`
  MODIFY `order_status_id` int(11) NOT NULL AUTO_INCREMENT, AUTO_INCREMENT=14;
--
-- AUTO_INCREMENT for table `order_type`
--
ALTER TABLE `order_type`
  MODIFY `order_type_id` int(11) NOT NULL AUTO_INCREMENT, AUTO_INCREMENT=5;
--
-- AUTO_INCREMENT for table `payment_mode`
--
ALTER TABLE `payment_mode`
  MODIFY `payment_mode_id` int(11) NOT NULL AUTO_INCREMENT, AUTO_INCREMENT=8;
--
-- AUTO_INCREMENT for table `payment_queue`
--
ALTER TABLE `payment_queue`
  MODIFY `payment_queue_id` int(11) NOT NULL AUTO_INCREMENT;
--
-- AUTO_INCREMENT for table `payouts`
--
ALTER TABLE `payouts`
  MODIFY `payout_id` int(11) NOT NULL AUTO_INCREMENT;
--
-- AUTO_INCREMENT for table `po_queue`
--
ALTER TABLE `po_queue`
  MODIFY `queue_id` int(11) NOT NULL AUTO_INCREMENT, AUTO_INCREMENT=39;
--
-- AUTO_INCREMENT for table `return_reason`
--
ALTER TABLE `return_reason`
  MODIFY `return_reason_id` int(11) NOT NULL AUTO_INCREMENT, AUTO_INCREMENT=6;
--
-- AUTO_INCREMENT for table `system_setting`
--
ALTER TABLE `system_setting`
  MODIFY `setting_id` int(11) NOT NULL AUTO_INCREMENT, AUTO_INCREMENT=10;
--
-- AUTO_INCREMENT for table `user`
--
ALTER TABLE `user`
  MODIFY `user_id` int(11) NOT NULL AUTO_INCREMENT, AUTO_INCREMENT=90;
--
-- AUTO_INCREMENT for table `user_type`
--
ALTER TABLE `user_type`
  MODIFY `user_type_id` int(11) NOT NULL AUTO_INCREMENT, AUTO_INCREMENT=10;
--
-- AUTO_INCREMENT for table `vendor`
--
ALTER TABLE `vendor`
  MODIFY `vendor_id` int(11) NOT NULL AUTO_INCREMENT, AUTO_INCREMENT=38;COMMIT;

/*!40101 SET CHARACTER_SET_CLIENT=@OLD_CHARACTER_SET_CLIENT */;
/*!40101 SET CHARACTER_SET_RESULTS=@OLD_CHARACTER_SET_RESULTS */;
/*!40101 SET COLLATION_CONNECTION=@OLD_COLLATION_CONNECTION */;
